id,device_id,area,timestamp,voltage,current,power,energy,temperature,occupancy,created_at,hour,minute,day_of_week,is_weekend,previous_energy,previous_power,energy_rolling_mean_3,power_rolling_mean_3,energy_delta,target_next_energy,is_synthetic_anomaly,anomaly_type
55,LIB-01,Library,2026-08-22 19:13:37,227.5,3.08,700.7,1.7602,22.5,4,2026-08-23 12:17:06.610968,19,13,5,1,1.585,735.33,1.4007666666666667,667.6433333333333,0.1752,1.9079,0,normal
13,LAB-01,Computer Laboratory 1,2026-08-22 17:13:37,227.8,4.34,988.65,0.6366,24.5,4,2026-08-23 12:17:06.610911,17,13,5,1,0.3894,791.51,0.29045,778.72,0.2472,0.8281,0,normal
340,LIB-01,Library,2026-08-23 09:28:37,230.4,2.77,638.21,5.1298,23.0,4,2026-08-23 12:17:06.611506,9,28,6,1,4.9702,492.26,4.869033333333333,298.92,0.1596000000000002,5.3007,0,normal
462,CLASS-01,Classroom 1,2026-08-23 15:43:37,229.1,2.1,481.11,4.6103,28.5,6,2026-08-23 12:17:06.611854,15,43,6,1,4.49,336.82,4.409133333333333,300.98,0.1202999999999994,4.6823,0,normal
245,LIB-01,Library,2026-08-23 04:43:37,229.5,0.69,158.35,3.9193,21.9,0,2026-08-23 12:17:06.611369,4,43,6,1,3.8797,195.41,3.834133333333333,178.59000000000003,0.0395999999999996,3.9724,0,normal
100,LIB-01,Library,2026-08-22 21:28:37,228.2,0.86,196.25,2.5018,21.9,0,2026-08-23 12:17:06.611090,21,28,5,1,2.4527,189.83,2.3999666666666664,196.73,0.0490999999999997,2.5396,0,normal
469,LAB-02,Computer Laboratory 2,2026-08-23 15:58:37,234.1,3.74,875.53,9.4128,25.8,3,2026-08-23 12:17:06.611864,15,58,6,1,9.1939,592.38,9.0582,564.5266666666666,0.2189000000000014,9.6125,0,normal
386,ADMIN-01,Administrative Office,2026-08-23 11:58:37,225.3,1.83,412.3,4.4322,25.0,0,2026-08-23 12:17:06.611588,11,58,6,1,4.3291,439.33,4.216233333333334,452.47,0.1030999999999995,4.5125,0,normal
235,LIB-01,Library,2026-08-23 04:13:37,229.0,0.68,155.72,3.8308,22.9,0,2026-08-23 12:17:06.611354,4,13,6,1,3.7919,184.64,3.7479333333333336,164.54333333333338,0.0388999999999999,3.8797,0,normal
122,CLASS-01,Classroom 1,2026-08-22 22:43:37,229.7,0.36,82.69,0.6683,24.7,0,2026-08-23 12:17:06.611128,22,43,5,1,0.6476,120.85,0.616,111.83333333333331,0.0207,0.6985,0,normal
20,LIB-01,Library,2026-08-22 17:28:37,229.5,2.62,601.29,0.5726,23.0,3,2026-08-23 12:17:06.610920,17,28,5,1,0.4223,535.92,0.2821333333333333,563.0733333333334,0.1503,0.7799,0,normal
156,ADMIN-01,Administrative Office,2026-08-23 00:28:37,225.7,0.77,173.79,1.7522,23.8,0,2026-08-23 12:17:06.611174,0,28,6,1,1.7088,117.86,1.6757666666666668,156.57333333333332,0.0433999999999998,1.8013,0,normal
276,ADMIN-01,Administrative Office,2026-08-23 06:28:37,231.4,0.72,166.61,2.717,23.6,0,2026-08-23 12:17:06.611417,6,28,6,1,2.6753,131.14,2.644066666666667,131.99333333333334,0.0417,2.7603,0,normal
451,ADMIN-01,Administrative Office,2026-08-23 15:13:37,229.5,2.11,484.24,5.7823,26.6,1,2026-08-23 12:17:06.611839,15,13,6,1,5.6612,435.6,5.548866666666666,465.4933333333333,0.1211000000000002,5.8763,0,normal
249,LAB-02,Computer Laboratory 2,2026-08-23 04:58:37,230.9,0.91,210.12,3.2996,22.3,0,2026-08-23 12:17:06.611375,4,58,6,1,3.2471,246.35,3.189966666666667,224.12,0.0524999999999997,3.3426,0,normal
381,ADMIN-01,Administrative Office,2026-08-23 11:43:37,236.2,1.86,439.33,4.3291,24.7,0,2026-08-23 12:17:06.611564,11,43,6,1,4.2193,476.1,4.103133333333333,454.8233333333333,0.1098000000000007,4.4322,0,normal
11,ADMIN-01,Administrative Office,2026-08-22 17:13:37,229.6,2.11,484.46,0.3412,24.5,0,2026-08-23 12:17:06.610907,17,13,5,1,0.2201,379.66,0.17265,440.225,0.1211,0.4606,0,normal
209,LAB-02,Computer Laboratory 2,2026-08-23 02:58:37,227.6,0.71,161.6,2.8707,22.4,0,2026-08-23 12:17:06.611302,2,58,6,1,2.8303,162.38,2.7879,201.84333333333333,0.0403999999999999,2.9211,0,normal
337,CLASS-01,Classroom 1,2026-08-23 09:28:37,228.0,2.1,478.8,2.2768,26.2,6,2026-08-23 12:17:06.611502,9,28,6,1,2.1571,362.51,2.0609333333333333,402.51,0.1197000000000003,2.3326,0,normal
465,LIB-01,Library,2026-08-23 15:43:37,233.1,2.06,480.19,8.9231,24.5,1,2026-08-23 12:17:06.611858,15,43,6,1,8.8031,643.19,8.644866666666667,587.0833333333334,0.1199999999999992,9.0644,0,normal
52,CLASS-01,Classroom 1,2026-08-22 19:13:37,231.0,0.6,138.6,0.2946,25.0,0,2026-08-23 12:17:06.610964,19,13,5,1,0.2599,111.87,0.2323333333333333,97.96666666666664,0.0346999999999999,0.3231,0,normal
137,CLASS-01,Classroom 1,2026-08-22 23:28:37,232.3,0.57,132.41,0.7542,24.8,0,2026-08-23 12:17:06.611148,23,28,5,1,0.7211,90.48,0.6959666666666666,97.95333333333332,0.0331,0.7739,0,normal
246,ADMIN-01,Administrative Office,2026-08-23 04:58:37,222.6,0.49,109.07,2.48,23.6,0,2026-08-23 12:17:06.611370,4,58,6,1,2.4527,168.85,2.4133,149.84333333333333,0.0272999999999998,2.5293,0,normal
11,ADMIN-01,Administrative Office,2026-08-22 17:13:37,229.6,9.35,2147.25,0.3412,24.5,0,2026-08-23 12:17:06.610907,17,13,5,1,0.2201,379.66,0.17265,440.225,1.711,0.4606,1,energy_delta_surge
584,LIB-01,Library,2026-08-23 20:59:55,233.8,1.01,236.14,2.1635,22.9,0,2026-08-23 16:44:55.601532,20,59,6,1,2.1045,155.1,2.061633333333333,183.24333333333345,0.0590000000000001,2.2023,0,normal
555,ADMIN-01,Administrative Office,2026-08-23 19:44:55,229.8,0.55,126.39,0.7163,23.6,0,2026-08-23 16:44:55.601510,19,44,6,1,0.6847,163.22,0.6454333333333336,170.04333333333332,0.0316,0.7573,0,normal
187,CLASS-01,Classroom 1,2026-08-23 01:58:37,228.6,0.39,89.15,1.0125,24.7,0,2026-08-23 12:17:06.611269,1,58,6,1,0.9902,103.86,0.9628333333333332,107.18333333333334,0.0222999999999999,1.0394,0,normal
549,LIB-01,Library,2026-08-23 19:14:55,229.7,2.96,679.91,1.4643,22.5,3,2026-08-23 16:44:55.601505,19,14,6,1,1.2943,639.49,1.126866666666667,680.5066666666668,0.1699999999999999,1.644,0,normal
554,LIB-01,Library,2026-08-23 19:29:55,229.7,6.66,1530.38,1.644,22.2,0,2026-08-23 16:44:55.601509,19,29,6,1,1.4643,679.91,1.2976666666666663,683.07,2.297,1.7933,1,energy_delta_surge
165,LIB-01,Library,2026-08-23 00:43:37,231.5,0.76,175.94,3.1472,22.8,0,2026-08-23 12:17:06.611186,0,43,6,1,3.1032,155.51,3.055133333333333,207.61666666666665,0.044,3.1863,0,normal
212,CLASS-01,Classroom 1,2026-08-23 03:13:37,229.8,0.42,96.52,1.1427,24.7,0,2026-08-23 12:17:06.611306,3,13,6,1,1.1186,106.55,1.0919333333333334,105.69333333333331,0.0241,1.1741,0,normal
383,LAB-01,Computer Laboratory 1,2026-08-23 11:43:37,233.5,1.95,455.32,6.633,24.0,0,2026-08-23 12:17:06.611567,11,43,6,1,6.5192,856.7,6.3446,625.0200000000001,0.1138000000000003,6.7824,0,normal
73,LAB-01,Computer Laboratory 1,2026-08-22 20:13:37,229.0,1.09,249.61,1.56,22.5,0,2026-08-23 12:17:06.611011,20,13,5,1,1.4976,138.1,1.4613000000000005,176.74666666666667,0.0624,1.6259,0,normal
228,LAB-01,Computer Laboratory 1,2026-08-23 03:58:37,231.7,0.99,229.38,3.1138,22.5,0,2026-08-23 12:17:06.611328,3,58,6,1,3.0565,251.03,3.0005,221.4333333333333,0.0572999999999996,3.1653,0,normal
57,CLASS-01,Classroom 1,2026-08-22 19:28:37,228.2,0.5,114.1,0.3231,24.8,0,2026-08-23 12:17:06.610971,19,28,5,1,0.2946,138.6,0.2621333333333333,119.11,0.0285,0.3544,0,normal
438,LAB-01,Computer Laboratory 1,2026-08-23 14:28:37,232.5,2.86,664.95,8.4198,25.3,2,2026-08-23 12:17:06.611821,14,28,6,1,8.2536,537.31,8.095833333333333,697.61,0.1661999999999999,8.5597,0,normal
353,LAB-01,Computer Laboratory 1,2026-08-23 10:13:37,230.5,2.54,585.47,5.8039,24.3,1,2026-08-23 12:17:06.611527,10,13,6,1,5.6575,846.37,5.4473666666666665,851.0766666666667,0.1463999999999998,5.9077,0,normal
50,LIB-01,Library,2026-08-22 18:58:37,232.7,9.18,2137.17,1.585,23.2,0,2026-08-23 12:17:06.610962,3,58,5,1,1.4012,740.3,1.233866666666667,635.5733333333334,0.5634,1.7602,1,off_hours_high_load
168,LAB-01,Computer Laboratory 1,2026-08-23 00:58:37,226.7,0.82,185.89,2.4896,22.7,0,2026-08-23 12:17:06.611190,0,58,6,1,2.4431,179.98,2.395233333333333,184.33,0.0464999999999999,2.549,0,normal
373,LAB-01,Computer Laboratory 1,2026-08-23 11:13:37,229.9,1.66,381.63,6.305,23.6,0,2026-08-23 12:17:06.611554,11,13,6,1,6.2096,636.73,6.0559,540.9866666666668,0.0953999999999997,6.5192,0,normal
572,LAB-01,Computer Laboratory 1,2026-08-23 20:29:55,230.9,0.77,177.79,1.2708,22.9,0,2026-08-23 16:44:55.601523,20,29,6,1,1.2264,156.97,1.1816666666666666,187.99666666666675,0.0443999999999999,1.3293,0,normal
196,ADMIN-01,Administrative Office,2026-08-23 02:28:37,229.5,0.75,172.12,2.0938,23.8,0,2026-08-23 12:17:06.611284,2,28,6,1,2.0508,204.52,2.0009,177.9,0.0429999999999997,2.1311,0,normal
431,ADMIN-01,Administrative Office,2026-08-23 14:13:37,231.4,2.04,472.06,5.3121,25.5,0,2026-08-23 12:17:06.611811,14,13,6,1,5.1941,444.48,5.0892333333333335,368.1666666666667,0.1180000000000003,5.4331,0,normal
473,LAB-01,Computer Laboratory 1,2026-08-23 16:13:37,229.5,4.33,993.74,9.8966,26.2,4,2026-08-23 12:17:06.611871,16,13,6,1,9.6482,952.43,9.439866666666669,820.1033333333335,0.2484000000000001,10.1117,0,normal
398,LAB-01,Computer Laboratory 1,2026-08-23 12:28:37,231.2,2.47,571.06,7.0778,25.4,1,2026-08-23 12:17:06.611606,12,28,6,1,6.935,610.37,6.7834666666666665,554.3733333333333,0.1428000000000002,7.2158,0,normal
442,CLASS-01,Classroom 1,2026-08-23 14:43:37,229.6,1.62,371.95,4.2642,28.4,3,2026-08-23 12:17:06.611827,14,43,6,1,4.1712,292.86,4.094533333333334,333.1133333333333,0.0929999999999999,4.3316,0,normal
59,LAB-02,Computer Laboratory 2,2026-08-22 19:28:37,229.0,1.0,229.0,1.3934,22.7,0,2026-08-23 12:17:06.610973,19,28,5,1,1.3361,240.14,1.2738333333333334,226.55666666666664,0.0572999999999999,1.428,0,normal
589,LIB-01,Library,2026-08-23 21:14:55,228.1,0.68,155.11,2.2023,22.1,0,2026-08-23 16:44:55.601538,21,14,6,1,2.1635,236.14,2.1112333333333333,198.40666666666675,0.0388000000000001,2.2495,0,normal
391,ADMIN-01,Administrative Office,2026-08-23 12:13:37,231.1,1.39,321.23,4.5125,26.1,0,2026-08-23 12:17:06.611596,12,13,6,1,4.4322,412.3,4.326866666666667,442.57666666666665,0.0803000000000002,4.584,0,normal
154,LAB-02,Computer Laboratory 2,2026-08-23 00:13:37,227.8,0.6,136.68,2.2958,22.6,0,2026-08-23 12:17:06.611171,0,13,6,1,2.2616,255.83,2.1996333333333333,229.4833333333333,0.0341999999999997,2.3617,0,normal
277,CLASS-01,Classroom 1,2026-08-23 06:28:37,231.1,0.36,83.2,1.5076,25.1,0,2026-08-23 12:17:06.611418,6,28,6,1,1.4868,106.69,1.4628333333333334,92.13,0.0208000000000001,1.5421,0,normal
213,LAB-01,Computer Laboratory 1,2026-08-23 03:13:37,229.8,1.06,243.59,2.9513,22.4,0,2026-08-23 12:17:06.611307,3,13,6,1,2.8904,265.29,2.828666666666667,213.23333333333332,0.0608999999999997,2.9937,0,normal
51,ADMIN-01,Administrative Office,2026-08-22 19:13:37,226.3,0.47,106.36,0.889,23.2,0,2026-08-23 12:17:06.610963,19,13,5,1,0.8624,115.87,0.8272,155.11,0.0265999999999999,0.934,0,normal
98,LAB-01,Computer Laboratory 1,2026-08-22 21:28:37,227.6,0.78,177.53,1.7883,22.5,0,2026-08-23 12:17:06.611087,21,28,5,1,1.7439,142.48,1.7082666666666668,157.39333333333332,0.0443999999999999,1.834,0,normal
528,LAB-02,Computer Laboratory 2,2026-08-23 18:14:55,227.9,0.79,180.04,0.6957,24.2,0,2026-08-23 16:44:55.601488,18,14,6,1,0.6507,544.99,0.4963666666666667,659.6,0.045,0.7521,0,normal
267,CLASS-01,Classroom 1,2026-08-23 05:58:37,231.6,0.32,74.11,1.4601,24.5,0,2026-08-23 12:17:06.611404,5,58,6,1,1.4416,95.59,1.4183666666666666,104.14333333333332,0.0184999999999999,1.4868,0,normal
72,CLASS-01,Classroom 1,2026-08-22 20:13:37,232.4,0.37,85.99,0.4003,24.8,0,2026-08-23 12:17:06.611009,20,13,5,1,0.3788,97.44,0.3521,112.25666666666666,0.0214999999999999,0.432,0,normal
454,LAB-02,Computer Laboratory 2,2026-08-23 15:13:37,231.5,2.84,657.46,8.9349,25.5,2,2026-08-23 12:17:06.611843,15,13,6,1,8.7705,687.96,8.580799999999998,755.9333333333334,0.1644000000000005,9.0458,0,normal
452,CLASS-01,Classroom 1,2026-08-23 15:13:37,233.6,1.27,296.67,4.4058,29.1,2,2026-08-23 12:17:06.611840,15,13,6,1,4.3316,269.45,4.255666666666666,311.42,0.0742000000000002,4.49,0,normal
151,ADMIN-01,Administrative Office,2026-08-23 00:13:37,231.1,0.51,117.86,1.7088,23.1,0,2026-08-23 12:17:06.611167,0,13,6,1,1.6793,160.39,1.6366000000000005,184.10666666666663,0.0295,1.7522,0,normal
509,LIB-01,Library,2026-08-23 17:14:55,230.0,2.45,563.5,0.1409,22.9,1,2026-08-23 16:44:55.601473,17,14,6,1,9.9015,777.4,9.715133333333334,731.96,0.0,10.081,0,normal
559,LIB-01,Library,2026-08-23 19:44:55,231.5,9.78,2263.26,1.7933,22.4,0,2026-08-23 16:44:55.601513,19,44,6,1,1.644,718.96,1.4675333333333331,679.4533333333334,0.5657,1.967,1,power_spike
527,LAB-01,Computer Laboratory 1,2026-08-23 18:14:55,230.2,0.7,161.14,0.7967,24.3,0,2026-08-23 16:44:55.601488,18,14,6,1,0.7564,444.43,0.6001,789.0166666666668,0.0403,0.8408,0,normal
206,ADMIN-01,Administrative Office,2026-08-23 02:58:37,233.4,0.77,179.72,2.176,24.0,0,2026-08-23 12:17:06.611297,2,58,6,1,2.1311,149.31,2.0919000000000003,175.3166666666667,0.0449000000000001,2.2063,0,normal
163,LAB-01,Computer Laboratory 1,2026-08-23 00:43:37,222.2,0.81,179.98,2.4431,23.1,0,2026-08-23 12:17:06.611183,0,43,6,1,2.3981,214.37,2.349133333333333,208.63333333333333,0.0449999999999999,2.4896,0,normal
113,LAB-01,Computer Laboratory 1,2026-08-22 22:13:37,225.3,0.74,166.72,1.94,22.5,0,2026-08-23 12:17:06.611108,22,13,5,1,1.8983,257.3,1.8402,205.85333333333327,0.0416999999999998,1.9925,0,normal
281,ADMIN-01,Administrative Office,2026-08-23 06:43:37,230.7,0.75,173.02,2.7603,23.4,0,2026-08-23 12:17:06.611423,6,43,6,1,2.717,166.61,2.678266666666667,136.68666666666667,0.0432999999999998,2.7901,0,normal
299,LAB-02,Computer Laboratory 2,2026-08-23 07:28:37,230.3,0.94,216.48,3.8209,22.5,0,2026-08-23 12:17:06.611448,7,28,6,1,3.7668,258.5,3.710266666666667,203.4466666666667,0.0541,3.8804,0,normal
275,LIB-01,Library,2026-08-23 06:13:37,224.4,0.91,204.2,4.2464,22.6,0,2026-08-23 12:17:06.611415,6,13,6,1,4.1954,250.92,4.141166666666667,213.2733333333333,0.0510000000000001,4.3022,0,normal
307,CLASS-01,Classroom 1,2026-08-23 07:58:37,232.8,2.15,500.17,1.6949,25.2,0,2026-08-23 12:17:06.611460,7,58,6,1,1.6641,118.37,1.6337333333333337,125.73,0.1249,1.7898,1,power_spike
172,CLASS-01,Classroom 1,2026-08-23 01:13:37,226.2,0.43,97.27,0.9341,25.2,0,2026-08-23 12:17:06.611195,1,13,6,1,0.9098,134.99,0.8764333333333334,124.68,0.0242999999999999,0.9642,0,normal
121,ADMIN-01,Administrative Office,2026-08-22 22:43:37,228.5,0.87,198.79,1.4497,23.8,0,2026-08-23 12:17:06.611127,22,43,5,1,1.4,171.52,1.3545666666666667,159.07666666666668,0.0497,1.497,0,normal
411,ADMIN-01,Administrative Office,2026-08-23 13:13:37,232.3,1.98,459.95,4.918,25.8,1,2026-08-23 12:17:06.611623,13,13,6,1,4.803,484.39,4.689633333333334,387.2366666666667,0.1150000000000002,4.9906,0,normal
602,LAB-01,Computer Laboratory 1,2026-08-23 21:59:55,230.0,0.96,220.8,1.6176,22.6,0,2026-08-23 16:44:55.601548,21,59,6,1,0.0632,252.77,1.041966666666667,228.80000000000007,1.5544,0.1176,0,normal
472,CLASS-01,Classroom 1,2026-08-23 16:13:37,226.4,0.49,110.94,4.71,28.9,0,2026-08-23 12:17:06.611870,16,13,6,1,4.6823,288.0,4.5942,368.6433333333334,0.0277000000000002,4.7421,0,normal
120,LIB-01,Library,2026-08-22 22:28:37,227.2,1.02,231.74,2.688,22.5,0,2026-08-23 12:17:06.611125,22,28,5,1,2.6301,203.23,2.583,171.15666666666667,0.0579,2.7331,0,normal
115,LIB-01,Library,2026-08-22 22:13:37,233.6,0.87,203.23,2.6301,22.5,0,2026-08-23 12:17:06.611117,22,13,5,1,2.5793,158.85,2.540233333333333,168.82999999999998,0.0508000000000001,2.688,0,normal
351,ADMIN-01,Administrative Office,2026-08-23 10:13:37,233.5,1.37,319.9,3.6287,24.9,0,2026-08-23 12:17:06.611524,10,13,6,1,3.5487,476.86,3.4317333333333337,470.9466666666667,0.0799999999999996,3.7495,0,normal
607,LAB-01,Computer Laboratory 1,2026-08-23 21:45:56,231.9,1.09,252.77,0.0632,22.8,0,2026-08-23 16:45:56.426960,21,45,6,1,1.5624,248.51,1.5055666666666667,222.11000000000004,0.0,1.6176,0,normal
244,LAB-02,Computer Laboratory 2,2026-08-23 04:43:37,228.1,1.08,246.35,3.2471,22.8,0,2026-08-23 12:17:06.611368,4,43,6,1,3.1855,192.9,3.1339333333333337,210.89,0.0615999999999998,3.2996,0,normal
355,LIB-01,Library,2026-08-23 10:13:37,227.9,2.04,464.92,5.55,23.6,1,2026-08-23 12:17:06.611529,10,13,6,1,5.4338,532.46,5.2881,618.0233333333334,0.1162,5.6726,0,normal
301,ADMIN-01,Administrative Office,2026-08-23 07:43:37,233.2,0.48,111.94,2.8912,23.3,0,2026-08-23 12:17:06.611451,7,43,6,1,2.8632,131.27,2.8279,137.19333333333336,0.028,2.9245,0,normal
204,LAB-02,Computer Laboratory 2,2026-08-23 02:43:37,228.7,0.71,162.38,2.8303,22.2,0,2026-08-23 12:17:06.611295,2,43,6,1,2.7897,183.87,2.737433333333333,214.59666666666664,0.0405999999999999,2.8707,0,normal
604,LIB-01,Library,2026-08-23 21:59:55,230.0,0.68,156.4,2.3441,22.3,0,2026-08-23 16:44:55.601549,21,59,6,1,0.0477,190.73,1.5340666666666667,200.55666666666676,2.2964,0.0964,0,normal
447,CLASS-01,Classroom 1,2026-08-23 14:58:37,230.3,1.17,269.45,4.3316,28.5,0,2026-08-23 12:17:06.611834,14,58,6,1,4.2642,371.95,4.1778,333.09666666666664,0.0674000000000001,4.4058,0,normal
579,LIB-01,Library,2026-08-23 20:44:55,235.0,0.66,155.1,2.1045,22.7,0,2026-08-23 16:44:55.601528,20,44,6,1,2.0657,203.98,2.0158,363.1133333333334,0.0387999999999997,2.1635,0,normal
222,CLASS-01,Classroom 1,2026-08-23 03:43:37,230.8,0.6,138.48,1.2087,25.2,0,2026-08-23 12:17:06.611320,3,43,6,1,1.1741,125.71,1.1451333333333331,109.59333333333332,0.0346000000000001,1.2388,0,normal
28,LAB-01,Computer Laboratory 1,2026-08-22 17:58:37,229.2,2.38,545.5,1.1132,23.6,0,2026-08-23 12:17:06.610932,17,58,5,1,0.9768,594.92,0.8138333333333333,783.2366666666667,0.1363999999999999,1.1701,0,normal
148,LAB-01,Computer Laboratory 1,2026-08-22 23:58:37,229.9,1.1,252.89,2.3048,23.1,0,2026-08-23 12:17:06.611163,23,58,5,1,2.2416,274.65,2.179,232.22,0.0632000000000001,2.3445,0,normal
78,LAB-01,Computer Laboratory 1,2026-08-22 20:28:37,231.1,1.14,263.45,1.6259,23.1,0,2026-08-23 12:17:06.611018,20,28,5,1,1.56,249.61,1.5069,182.48333333333332,0.0658999999999998,1.6726,0,normal
453,LAB-01,Computer Laboratory 1,2026-08-23 15:13:37,232.7,4.53,1054.13,9.0332,26.0,4,2026-08-23 12:17:06.611841,15,13,6,1,8.7697,839.94,8.583066666666667,688.21,0.2635000000000005,9.2613,0,normal
313,LAB-01,Computer Laboratory 1,2026-08-23 08:13:37,227.6,2.29,521.2,4.044,22.2,0,2026-08-23 12:17:06.611468,8,13,6,1,3.9137,156.33,3.867666666666667,206.77666666666664,0.1302999999999996,4.3017,0,normal
146,ADMIN-01,Administrative Office,2026-08-22 23:58:37,225.9,0.71,160.39,1.6793,23.7,0,2026-08-23 12:17:06.611160,23,58,5,1,1.6392,191.47,1.590566666666667,189.61,0.0401,1.7088,0,normal
357,CLASS-01,Classroom 1,2026-08-23 10:28:37,234.7,1.83,429.5,2.6235,26.7,4,2026-08-23 12:17:06.611532,10,28,6,1,2.5161,391.65,2.4223,319.0833333333333,0.1074000000000001,2.7503,0,normal
510,ADMIN-01,Administrative Office,2026-08-23 17:29:55,229.7,1.76,404.27,0.2069,24.6,0,2026-08-23 16:44:55.601474,17,29,6,1,6.7065,335.45,4.478300000000001,401.72333333333336,0.0,0.3193,0,normal
303,LAB-01,Computer Laboratory 1,2026-08-23 07:43:37,226.1,1.06,239.67,3.8746,22.3,0,2026-08-23 12:17:06.611454,7,43,6,1,3.8147,224.33,3.7614,185.6233333333333,0.0598999999999998,3.9137,0,normal
541,CLASS-01,Classroom 1,2026-08-23 18:59:55,225.9,0.47,106.17,0.2189,26.3,0,2026-08-23 16:44:55.601499,18,59,6,1,0.1924,114.6,0.165133333333333,106.51666666666664,0.0265,0.2473,0,normal
178,LAB-01,Computer Laboratory 1,2026-08-23 01:28:37,228.8,1.04,237.95,2.6085,23.0,0,2026-08-23 12:17:06.611207,1,28,6,1,2.549,237.72,2.4939,201.19666666666663,0.0594999999999998,2.6559,0,normal
273,LAB-01,Computer Laboratory 1,2026-08-23 06:13:37,232.7,0.95,221.06,3.5996,22.8,0,2026-08-23 12:17:06.611413,6,13,6,1,3.5443,249.07,3.4858333333333333,220.6233333333333,0.0553000000000003,3.6401,0,normal
519,LIB-01,Library,2026-08-23 17:44:55,228.8,3.11,711.57,0.4928,23.0,4,2026-08-23 16:44:55.601481,17,44,6,1,0.3149,695.84,3.512266666666666,659.1133333333333,0.1779,0.658,0,normal
417,CLASS-01,Classroom 1,2026-08-23 13:28:37,230.8,2.16,498.53,3.8685,29.1,6,2026-08-23 12:17:06.611631,13,28,6,1,3.7439,511.71,3.617366666666667,494.1133333333333,0.1246,3.9214,0,normal
468,LAB-01,Computer Laboratory 1,2026-08-23 15:58:37,229.5,4.15,952.43,9.6482,26.0,4,2026-08-23 12:17:06.611862,15,58,6,1,9.4101,595.38,9.234866666666669,854.0033333333334,0.2380999999999993,9.8966,0,normal
295,LIB-01,Library,2026-08-23 07:13:37,232.2,0.76,176.47,4.4634,22.6,0,2026-08-23 12:17:06.611442,7,13,6,1,4.4193,201.17,4.363499999999999,230.46666666666667,0.0441000000000002,4.5324,0,normal
435,LIB-01,Library,2026-08-23 14:13:37,229.7,3.06,702.88,8.0081,24.2,4,2026-08-23 12:17:06.611817,14,13,6,1,7.8324,621.89,7.676133333333333,639.2533333333334,0.1757000000000008,8.187,0,normal
543,LAB-02,Computer Laboratory 2,2026-08-23 18:59:55,227.0,0.75,170.25,0.8598,23.4,0,2026-08-23 16:44:55.601500,18,59,6,1,0.8172,260.46,0.7549999999999999,222.01,0.0425999999999999,0.9033,0,normal
406,ADMIN-01,Administrative Office,2026-08-23 12:58:37,225.3,2.15,484.39,4.803,26.4,0,2026-08-23 12:17:06.611617,12,58,6,1,4.6819,391.5,4.5928,332.85,0.1211000000000002,4.918,0,normal
536,CLASS-01,Classroom 1,2026-08-23 18:44:55,229.2,0.5,114.6,0.1924,26.6,0,2026-08-23 16:44:55.601495,18,44,6,1,0.1638,98.6,0.138533333333333,106.17666666666666,0.0285999999999999,0.2189,0,normal
550,ADMIN-01,Administrative Office,2026-08-23 19:29:55,226.7,0.72,163.22,0.6847,23.1,0,2026-08-23 16:44:55.601506,19,29,6,1,0.6439,144.7,0.6029000000000003,179.02,0.0407999999999999,0.7163,0,normal
33,LAB-01,Computer Laboratory 1,2026-08-22 18:13:37,229.7,0.99,227.4,1.1701,23.9,0,2026-08-23 12:17:06.610939,18,13,5,1,1.1132,545.5,0.9727,635.52,0.0568999999999999,1.2258,0,normal
234,LAB-02,Computer Laboratory 2,2026-08-23 04:13:37,230.8,1.01,233.11,3.1373,22.4,0,2026-08-23 12:17:06.611336,4,13,6,1,3.079,206.66,3.028333333333333,210.4766666666667,0.0583,3.1855,0,normal
316,ADMIN-01,Administrative Office,2026-08-23 08:28:37,232.4,0.56,130.14,3.005,23.6,0,2026-08-23 12:17:06.611473,8,28,6,1,2.9725,192.02,2.9294,145.71,0.0324999999999997,3.0495,0,normal
315,LIB-01,Library,2026-08-23 08:13:37,231.5,0.96,222.24,4.6871,22.2,0,2026-08-23 12:17:06.611472,8,13,6,1,4.6315,211.97,4.5808,224.17333333333335,0.0556,4.746,0,normal
361,ADMIN-01,Administrative Office,2026-08-23 10:43:37,234.0,2.2,514.8,3.8782,24.2,1,2026-08-23 12:17:06.611537,10,43,6,1,3.7495,483.4,3.6423,426.72,0.1287000000000002,3.9898,0,normal
574,LIB-01,Library,2026-08-23 20:29:55,231.8,0.88,203.98,2.0657,22.0,0,2026-08-23 16:44:55.601524,20,29,6,1,2.0147,190.65,1.925,494.2100000000001,0.0510000000000001,2.1045,0,normal
404,LAB-02,Computer Laboratory 2,2026-08-23 12:43:37,228.1,2.51,572.53,7.1417,26.0,1,2026-08-23 12:17:06.611614,12,43,6,1,6.9986,612.33,6.849800000000001,627.94,0.1431000000000004,7.3484,0,normal
595,ADMIN-01,Administrative Office,2026-08-23 21:44:55,225.7,0.84,189.59,1.0096,23.9,0,2026-08-23 16:44:55.601542,21,44,6,1,0.9622,116.69,0.9279000000000004,135.60666666666663,0.0474,0.049,0,normal
529,LIB-01,Library,2026-08-23 18:14:55,227.7,2.21,503.22,0.7838,23.4,0,2026-08-23 16:44:55.601489,18,14,6,1,0.658,660.63,0.4885666666666666,689.3466666666667,0.1258,0.9519,0,normal
238,LAB-01,Computer Laboratory 1,2026-08-23 04:28:37,228.4,0.72,164.45,3.2064,23.0,0,2026-08-23 12:17:06.611359,4,28,6,1,3.1653,205.86,3.1118666666666663,228.75666666666663,0.0411000000000001,3.2652,0,normal
118,LAB-01,Computer Laboratory 1,2026-08-22 22:28:37,228.1,0.92,209.85,1.9925,22.1,0,2026-08-23 12:17:06.611122,22,28,5,1,1.94,166.72,1.8907666666666667,202.25,0.0524999999999999,2.0318,0,normal
457,CLASS-01,Classroom 1,2026-08-23 15:28:37,230.7,1.46,336.82,4.49,28.7,0,2026-08-23 12:17:06.611847,15,28,6,1,4.4058,296.67,4.333866666666666,312.69,0.0842,4.6103,0,normal
97,CLASS-01,Classroom 1,2026-08-22 21:28:37,223.7,0.51,114.09,0.5369,24.3,0,2026-08-23 12:17:06.611079,21,28,5,1,0.5084,119.5,0.4808666666666667,101.86,0.0285,0.5637,0,normal
542,LAB-01,Computer Laboratory 1,2026-08-23 18:59:55,226.5,1.16,262.74,0.9747,23.4,0,2026-08-23 16:44:55.601499,18,59,6,1,0.909,272.75,0.8488333333333333,203.40333333333345,0.0656999999999999,1.0283,0,normal
393,LAB-01,Computer Laboratory 1,2026-08-23 12:13:37,231.2,2.64,610.37,6.935,26.2,1,2026-08-23 12:17:06.611599,12,13,6,1,6.7824,597.43,6.644866666666666,636.4833333333335,0.1525999999999996,7.0778,0,normal
487,CLASS-01,Classroom 1,2026-08-23 16:58:37,232.4,0.4,92.96,4.7933,28.8,0,2026-08-23 12:17:06.611890,16,58,6,1,4.7701,112.16,4.740733333333332,117.13333333333333,0.0232000000000001,4.8258,0,normal
229,LAB-02,Computer Laboratory 2,2026-08-23 03:58:37,232.2,0.89,206.66,3.079,23.0,0,2026-08-23 12:17:06.611330,3,58,6,1,3.0273,194.47,2.9757,208.74,0.0517000000000003,3.1373,0,normal
379,LAB-02,Computer Laboratory 2,2026-08-23 11:28:37,230.6,3.19,735.61,6.3347,24.0,2,2026-08-23 12:17:06.611561,11,28,6,1,6.1508,613.98,5.996166666666667,684.4466666666667,0.1838999999999995,6.5277,0,normal
458,LAB-01,Computer Laboratory 1,2026-08-23 15:28:37,231.6,3.94,912.5,9.2613,26.1,4,2026-08-23 12:17:06.611848,15,28,6,1,9.0332,1054.13,8.787533333333334,817.9366666666668,0.2280999999999995,9.4101,0,normal
31,ADMIN-01,Administrative Office,2026-08-22 18:13:37,229.1,0.75,171.82,0.746,24.9,0,2026-08-23 12:17:06.610936,18,13,5,1,0.703,441.98,0.5853666666666667,482.42,0.043,0.7858,0,normal
525,ADMIN-01,Administrative Office,2026-08-23 18:14:55,233.8,0.78,182.36,0.4621,24.2,0,2026-08-23 16:44:55.601486,18,14,6,1,0.4165,388.61,0.3142333333333336,414.1166666666666,0.0456,0.5096,0,normal
575,ADMIN-01,Administrative Office,2026-08-23 20:44:55,228.2,0.53,120.95,0.8604,23.8,0,2026-08-23 16:44:55.601525,20,44,6,1,0.8302,108.05,0.7969000000000004,151.79,0.0302,0.8885,0,normal
15,LIB-01,Library,2026-08-22 17:13:37,232.0,2.31,535.92,0.4223,23.3,2,2026-08-23 12:17:06.610913,17,13,5,1,0.2883,610.1,0.21205,576.6500000000001,0.134,0.5726,0,normal
317,CLASS-01,Classroom 1,2026-08-23 08:28:37,229.9,1.14,262.09,1.8553,24.8,1,2026-08-23 12:17:06.611475,8,28,6,1,1.7898,379.5,1.7162666666666666,207.08333333333331,0.0654999999999998,1.9592,0,normal
591,CLASS-01,Classroom 1,2026-08-23 21:29:55,230.6,0.49,112.99,0.478,24.6,0,2026-08-23 16:44:55.601539,21,29,6,1,0.4498,76.33,0.4277666666666664,101.84999999999998,0.0282,0.4996,0,normal
160,LIB-01,Library,2026-08-23 00:28:37,232.1,0.67,155.51,3.1032,22.7,0,2026-08-23 12:17:06.611179,0,28,6,1,3.0643,265.64,3.0032333333333336,217.39,0.0389000000000003,3.1472,0,normal
354,LAB-02,Computer Laboratory 2,2026-08-23 10:13:37,231.0,3.41,787.71,5.5016,23.6,2,2026-08-23 12:17:06.611528,10,13,6,1,5.3047,600.08,5.144266666666667,697.8933333333333,0.1968999999999994,5.6374,0,normal
304,LAB-02,Computer Laboratory 2,2026-08-23 07:43:37,233.4,1.02,238.07,3.8804,22.9,0,2026-08-23 12:17:06.611455,7,43,6,1,3.8209,216.48,3.7633,212.25,0.0594999999999998,3.9368,0,normal
289,LAB-02,Computer Laboratory 2,2026-08-23 06:58:37,231.1,0.7,161.77,3.7022,22.2,0,2026-08-23 12:17:06.611434,6,58,6,1,3.6618,190.07,3.6079,242.4833333333333,0.0403999999999999,3.7668,0,normal
293,LAB-01,Computer Laboratory 1,2026-08-23 07:13:37,227.2,0.84,190.85,3.7586,22.7,0,2026-08-23 12:17:06.611440,7,13,6,1,3.7109,141.69,3.6755,148.44666666666666,0.0476999999999998,3.8147,0,normal
224,LAB-02,Computer Laboratory 2,2026-08-23 03:43:37,234.3,0.83,194.47,3.0273,22.5,0,2026-08-23 12:17:06.611322,3,43,6,1,2.9787,230.3,2.9235,197.78333333333333,0.0485999999999999,3.079,0,normal
493,LAB-01,Computer Laboratory 1,2026-08-23 17:13:37,234.8,2.76,648.05,10.5953,24.3,1,2026-08-23 12:17:06.611898,17,13,6,1,10.4333,712.07,10.266766666666667,715.6066666666667,0.1620000000000008,0.1647,0,normal
384,LAB-02,Computer Laboratory 2,2026-08-23 11:43:37,233.2,3.31,771.89,6.5277,23.7,2,2026-08-23 12:17:06.611568,11,43,6,1,6.3347,735.61,6.160933333333333,659.03,0.1930000000000005,6.7053,0,normal
608,LAB-02,Computer Laboratory 2,2026-08-23 21:45:56,230.9,1.06,244.75,0.0612,23.0,0,2026-08-23 16:45:56.426961,21,45,6,1,1.3983,225.52,1.3451666666666666,203.50666666666663,0.0,1.4611,0,normal
211,ADMIN-01,Administrative Office,2026-08-23 03:13:37,228.8,0.53,121.26,2.2063,23.3,0,2026-08-23 12:17:06.611305,3,13,6,1,2.176,179.72,2.133633333333333,167.04999999999998,0.0302999999999999,2.2493,0,normal
366,ADMIN-01,Administrative Office,2026-08-23 10:58:37,230.1,1.94,446.39,3.9898,25.0,0,2026-08-23 12:17:06.611544,10,58,6,1,3.8782,514.8,3.7521333333333335,439.3666666666666,0.1115999999999997,4.1003,0,normal
305,LIB-01,Library,2026-08-23 07:43:37,233.5,0.79,184.47,4.5785,22.1,0,2026-08-23 12:17:06.611457,7,43,6,1,4.5324,276.08,4.471699999999999,217.90666666666667,0.0461,4.6315,0,normal
331,ADMIN-01,Administrative Office,2026-08-23 09:13:37,227.6,1.74,396.02,3.1955,24.2,0,2026-08-23 12:17:06.611494,9,13,6,1,3.0965,187.86,3.050333333333333,165.33333333333334,0.0990000000000002,3.317,0,normal
56,ADMIN-01,Administrative Office,2026-08-22 19:28:37,225.0,0.8,180.0,0.934,23.9,0,2026-08-23 12:17:06.610969,19,28,5,1,0.889,106.36,0.8616000000000001,137.52666666666667,0.045,0.9675,0,normal
133,LAB-01,Computer Laboratory 1,2026-08-22 23:13:37,229.6,0.96,220.42,2.1225,22.9,0,2026-08-23 12:17:06.611143,23,13,5,1,2.0674,142.31,2.030566666666666,169.8133333333333,0.0550999999999999,2.1729,0,normal
90,LIB-01,Library,2026-08-22 20:58:37,229.8,1.1,252.78,2.4052,22.7,0,2026-08-23 12:17:06.611069,20,58,5,1,2.342,147.58,2.3014,161.16666666666666,0.0631999999999997,2.4527,0,normal
274,LAB-02,Computer Laboratory 2,2026-08-23 06:13:37,231.3,1.17,270.62,3.5476,22.3,0,2026-08-23 12:17:06.611414,6,13,6,1,3.4799,243.46,3.4258333333333333,183.02666666666664,0.0676999999999998,3.6143,0,normal
170,LIB-01,Library,2026-08-23 00:58:37,230.0,0.68,156.4,3.1863,22.3,0,2026-08-23 12:17:06.611193,0,58,6,1,3.1472,175.94,3.1049,199.03,0.0390999999999999,3.2428,0,normal
567,LAB-01,Computer Laboratory 1,2026-08-23 20:14:55,227.5,0.69,156.97,1.2264,23.0,0,2026-08-23 16:44:55.601519,20,14,6,1,1.1872,223.1,1.1346666666666667,211.82666666666677,0.0391999999999999,1.2708,0,normal
416,ADMIN-01,Administrative Office,2026-08-23 13:28:37,232.4,1.25,290.5,4.9906,26.2,0,2026-08-23 12:17:06.611630,13,28,6,1,4.918,459.95,4.800966666666667,445.28,0.0725999999999995,5.083,0,normal
609,LIB-01,Library,2026-08-23 21:45:56,229.8,0.83,190.73,0.0477,22.0,0,2026-08-23 16:45:56.426961,21,45,6,1,2.305,222.03,2.252266666666667,188.6833333333334,0.0,2.3441,0,normal
24,LAB-02,Computer Laboratory 2,2026-08-22 17:43:37,230.4,2.53,582.91,0.8763,23.9,1,2026-08-23 12:17:06.610926,17,43,5,1,0.7306,624.72,0.5557333333333333,669.1066666666667,0.1456999999999999,1.0728,0,normal
396,ADMIN-01,Administrative Office,2026-08-23 12:28:37,230.5,1.24,285.82,4.584,26.2,0,2026-08-23 12:17:06.611603,12,28,6,1,4.5125,321.23,4.424600000000001,390.9533333333334,0.0714999999999994,4.6819,0,normal
116,ADMIN-01,Administrative Office,2026-08-22 22:28:37,228.7,0.75,171.52,1.4,23.7,0,2026-08-23 12:17:06.611119,22,28,5,1,1.3571,202.12,1.3148,163.29,0.0428999999999999,1.4497,0,normal
495,LIB-01,Library,2026-08-23 17:13:37,230.0,3.38,777.4,9.9015,23.4,5,2026-08-23 12:17:06.611900,17,13,6,1,9.7072,682.07,9.532166666666669,668.4566666666668,0.1943000000000001,0.1409,0,normal
52,CLASS-01,Classroom 1,2026-08-22 19:13:37,231.0,9.35,2159.33,0.2946,25.0,0,2026-08-23 12:17:06.610964,1,13,5,1,0.2599,111.87,0.2323333333333333,97.96666666666664,0.52,0.3231,1,off_hours_high_load
524,LIB-01,Library,2026-08-23 17:59:55,231.8,2.85,660.63,0.658,23.1,4,2026-08-23 16:44:55.601485,17,59,6,1,0.4928,711.57,3.629566666666667,708.4700000000001,0.1652,0.7838,0,normal
377,CLASS-01,Classroom 1,2026-08-23 11:28:37,235.5,1.61,379.16,2.9966,26.1,3,2026-08-23 12:17:06.611559,11,28,6,1,2.9018,413.85,2.8167999999999997,370.9766666666666,0.0947999999999997,3.0631,0,normal
433,LAB-01,Computer Laboratory 1,2026-08-23 14:13:37,231.6,2.32,537.31,8.2536,26.0,0,2026-08-23 12:17:06.611814,14,13,6,1,8.1193,818.75,7.921433333333334,818.9966666666668,0.1342999999999996,8.4198,0,normal
88,LAB-01,Computer Laboratory 1,2026-08-22 20:58:37,230.6,0.62,142.97,1.7083,22.7,0,2026-08-23 12:17:06.611062,20,58,5,1,1.6726,186.73,1.6195000000000002,233.2633333333333,0.0356999999999998,1.7439,0,normal
82,CLASS-01,Classroom 1,2026-08-22 20:43:37,225.9,0.42,94.88,0.4557,25.2,0,2026-08-23 12:17:06.611053,20,43,5,1,0.432,126.73,0.4037,103.38666666666666,0.0237,0.4785,0,normal
556,CLASS-01,Classroom 1,2026-08-23 19:44:55,227.8,0.55,125.29,0.2979,25.3,0,2026-08-23 16:44:55.601510,19,44,6,1,0.2666,77.28,0.2442666666666663,99.05,0.0312999999999999,0.3192,0,normal
343,LAB-01,Computer Laboratory 1,2026-08-23 09:43:37,229.0,3.62,828.98,5.4459,24.4,3,2026-08-23 12:17:06.611510,9,43,6,1,5.2387,877.88,5.0268,897.5266666666666,0.2072000000000002,5.6575,0,normal
282,CLASS-01,Classroom 1,2026-08-23 06:43:37,230.2,0.6,138.12,1.5421,24.7,0,2026-08-23 12:17:06.611424,6,43,6,1,1.5076,83.2,1.4848333333333332,88.0,0.0344999999999999,1.5698,0,normal
46,ADMIN-01,Administrative Office,2026-08-22 18:58:37,227.2,0.51,115.87,0.8624,24.3,0,2026-08-23 12:17:06.610956,18,58,5,1,0.8334,190.35,0.7884000000000001,173.76,0.029,0.889,0,normal
412,CLASS-01,Classroom 1,2026-08-23 13:13:37,230.5,2.22,511.71,3.7439,29.2,6,2026-08-23 12:17:06.611625,13,13,6,1,3.616,495.36,3.493866666666667,466.5166666666667,0.1278999999999999,3.8685,0,normal
145,LIB-01,Library,2026-08-22 23:43:37,225.4,0.82,184.83,2.9475,22.1,0,2026-08-23 12:17:06.611159,23,43,5,1,2.9013,255.06,2.8455666666666666,224.2433333333333,0.0461999999999998,2.9979,0,normal
65,LIB-01,Library,2026-08-22 19:43:37,227.5,2.41,548.27,2.045,22.7,2,2026-08-23 12:17:06.610991,19,43,5,1,1.9079,590.78,1.7510333333333332,675.6033333333334,0.1371,2.2211,0,normal
193,LAB-01,Computer Laboratory 1,2026-08-23 02:13:37,270.2,10.5,2837.1,2.7305,23.0,0,2026-08-23 12:17:06.611280,2,13,6,1,2.6954,158.17,2.6532666666666667,195.23333333333332,0.0351000000000003,2.7715,1,voltage_anomaly
375,LIB-01,Library,2026-08-23 11:13:37,231.7,2.28,528.28,6.127,23.5,2,2026-08-23 12:17:06.611556,11,13,6,1,5.9949,739.96,5.8258,593.12,0.1320999999999994,6.3056,0,normal
421,ADMIN-01,Administrative Office,2026-08-23 13:43:37,228.1,1.62,369.52,5.083,25.8,0,2026-08-23 12:17:06.611779,13,43,6,1,4.9906,290.5,4.903866666666667,411.6133333333334,0.0924000000000004,5.1941,0,normal
302,CLASS-01,Classroom 1,2026-08-23 07:43:37,232.1,0.51,118.37,1.6641,24.7,0,2026-08-23 12:17:06.611453,7,43,6,1,1.6345,127.55,1.6023000000000005,123.20333333333332,0.0295999999999998,1.6949,0,normal
517,LAB-01,Computer Laboratory 1,2026-08-23 17:44:55,232.2,4.25,986.85,0.6453,23.8,4,2026-08-23 16:44:55.601480,17,44,6,1,0.3986,935.77,3.7953666666666663,834.85,0.2466999999999999,0.7564,0,normal
500,LIB-01,Library,2026-08-23 17:28:37,226.5,3.17,718.0,10.081,23.6,5,2026-08-23 12:17:06.611907,17,28,6,1,0.1409,563.5,6.583200000000001,674.3233333333334,9.9401,0.3149,0,normal
164,LAB-02,Computer Laboratory 2,2026-08-23 00:43:37,231.8,1.06,245.71,2.4231,23.1,0,2026-08-23 12:17:06.611185,0,43,6,1,2.3617,263.52,2.306366666666667,218.67666666666665,0.0613999999999999,2.4765,0,normal
85,LIB-01,Library,2026-08-22 20:43:37,230.6,0.64,147.58,2.342,22.7,0,2026-08-23 12:17:06.611057,20,43,5,1,2.3051,191.96,2.2611,346.71000000000004,0.0369000000000001,2.4052,0,normal
38,LAB-01,Computer Laboratory 1,2026-08-22 18:28:37,225.0,0.99,222.75,1.2258,23.5,0,2026-08-23 12:17:06.610945,18,28,5,1,1.1701,227.4,1.0866999999999998,455.94000000000005,0.0557,1.2667,0,normal
287,CLASS-01,Classroom 1,2026-08-23 06:58:37,226.1,0.49,110.79,1.5698,24.8,0,2026-08-23 12:17:06.611431,6,58,6,1,1.5421,138.12,1.5121666666666669,109.33666666666666,0.0277,1.6026,0,normal
506,CLASS-01,Classroom 1,2026-08-23 17:14:55,231.7,0.31,71.83,0.018,26.8,0,2026-08-23 16:44:55.601470,17,14,6,1,4.8258,130.02,4.796399999999999,111.71333333333332,0.0,4.8542,0,normal
162,CLASS-01,Classroom 1,2026-08-23 00:43:37,229.5,0.57,130.81,0.8761,24.8,0,2026-08-23 12:17:06.611182,0,43,6,1,0.8434,108.24,0.8175333333333334,92.65333333333332,0.0326999999999999,0.9098,0,normal
376,ADMIN-01,Administrative Office,2026-08-23 11:28:37,227.8,2.09,476.1,4.2193,24.6,1,2026-08-23 12:17:06.611557,11,28,6,1,4.1003,441.98,3.989433333333334,467.72333333333336,0.1189999999999997,4.3291,0,normal
461,ADMIN-01,Administrative Office,2026-08-23 15:43:37,231.0,1.7,392.7,5.9745,25.9,0,2026-08-23 12:17:06.611853,15,43,6,1,5.8763,375.89,5.773266666666667,431.91,0.0982000000000002,6.045,0,normal
214,LAB-02,Computer Laboratory 2,2026-08-23 03:13:37,237.0,0.85,201.45,2.9211,23.0,0,2026-08-23 12:17:06.611309,3,13,6,1,2.8707,161.6,2.8302333333333327,169.28333333333333,0.0504000000000002,2.9787,0,normal
341,ADMIN-01,Administrative Office,2026-08-23 09:43:37,227.3,1.98,450.05,3.4295,24.6,1,2026-08-23 12:17:06.611507,9,43,6,1,3.317,485.93,3.203,356.6033333333333,0.1124999999999998,3.5487,0,normal
76,ADMIN-01,Administrative Office,2026-08-22 20:28:37,226.2,0.8,180.96,1.0867,23.2,0,2026-08-23 12:17:06.611015,20,28,5,1,1.0415,170.18,1.0026666666666666,143.39666666666668,0.0451999999999999,1.1298,0,normal
392,CLASS-01,Classroom 1,2026-08-23 12:13:37,231.7,1.5,347.55,3.2662,29.1,3,2026-08-23 12:17:06.611598,12,13,6,1,3.1793,464.74,3.0796666666666668,369.9933333333333,0.0868999999999999,3.3734,0,normal
445,LIB-01,Library,2026-08-23 14:43:37,233.5,3.01,702.83,8.3627,24.0,3,2026-08-23 12:17:06.611831,14,43,6,1,8.187,715.79,8.009166666666665,680.1866666666668,0.1757000000000008,8.4892,0,normal
441,ADMIN-01,Administrative Office,2026-08-23 14:43:37,228.1,2.09,476.73,5.5523,26.5,0,2026-08-23 12:17:06.611825,14,43,6,1,5.4331,484.15,5.3131,466.8966666666667,0.1192000000000002,5.6612,0,normal
210,LIB-01,Library,2026-08-23 02:58:37,228.4,1.14,260.38,3.6251,22.2,0,2026-08-23 12:17:06.611303,2,58,6,1,3.56,154.16,3.513666666666667,214.21333333333337,0.0651000000000001,3.6685,0,normal
590,ADMIN-01,Administrative Office,2026-08-23 21:29:55,224.4,0.52,116.69,0.9622,23.0,0,2026-08-23 16:44:55.601538,21,29,6,1,0.933,177.87,0.893966666666667,137.02666666666667,0.0292,1.0096,0,normal
294,LAB-02,Computer Laboratory 2,2026-08-23 07:13:37,230.8,1.12,258.5,3.7668,22.9,0,2026-08-23 12:17:06.611441,7,13,6,1,3.7022,161.77,3.6594333333333338,206.2,0.0645999999999999,3.8209,0,normal
424,LAB-02,Computer Laboratory 2,2026-08-23 13:43:37,227.0,3.21,728.67,7.8994,25.9,2,2026-08-23 12:17:06.611783,13,43,6,1,7.7172,830.52,7.525066666666667,767.3633333333333,0.1821999999999999,8.067,0,normal
166,ADMIN-01,Administrative Office,2026-08-23 00:58:37,234.5,0.68,159.46,1.8412,23.1,0,2026-08-23 12:17:06.611187,0,58,6,1,1.8013,196.48,1.7541,162.71,0.0399,1.8884,0,normal
1,ADMIN-01,Administrative Office,2026-08-22 16:43:37,226.6,2.21,500.79,0.1252,26.2,1,2026-08-23 12:17:06.610883,16,43,5,1,0.1252,500.79,0.1252,500.79,0.0,0.2201,0,normal
151,ADMIN-01,Administrative Office,2026-08-23 00:13:37,179.8,9.01,1620.0,1.7088,23.1,0,2026-08-23 12:17:06.611167,0,13,6,1,1.6793,160.39,1.6366000000000005,184.10666666666663,0.0295,1.7522,1,voltage_anomaly
437,CLASS-01,Classroom 1,2026-08-23 14:28:37,230.6,1.27,292.86,4.1712,28.7,2,2026-08-23 12:17:06.611820,14,28,6,1,4.098,334.48,4.011266666666667,305.99666666666667,0.0731999999999999,4.2642,0,normal
330,LIB-01,Library,2026-08-23 08:58:37,226.9,1.01,229.17,4.8471,22.0,0,2026-08-23 12:17:06.611493,8,58,6,1,4.7898,175.33,4.740966666666666,211.01000000000008,0.0573000000000005,4.9702,0,normal
9,LAB-02,Computer Laboratory 2,2026-08-22 16:58:37,234.1,2.28,533.75,0.3622,25.1,0,2026-08-23 12:17:06.610904,16,58,5,1,0.2288,915.0,0.2288,915.0,0.1334,0.5744,0,normal
155,LIB-01,Library,2026-08-23 00:13:37,182.1,8.5,1547.85,3.0643,21.9,0,2026-08-23 12:17:06.611173,0,13,6,1,2.9979,201.7,2.9489,213.86333333333332,0.0663999999999997,3.1032,1,voltage_anomaly
439,LAB-02,Computer Laboratory 2,2026-08-23 14:28:37,227.2,2.99,679.33,8.3734,25.7,2,2026-08-23 12:17:06.611823,14,28,6,1,8.2036,546.45,8.056666666666667,648.5166666666667,0.1698000000000004,8.5985,0,normal
111,ADMIN-01,Administrative Office,2026-08-22 22:13:37,227.1,0.89,202.12,1.3571,23.9,0,2026-08-23 12:17:06.611105,22,13,5,1,1.3066,103.59,1.2739999999999998,159.55,0.0504999999999999,1.4,0,normal
25,LIB-01,Library,2026-08-22 17:43:37,235.6,3.52,829.31,0.7799,23.6,5,2026-08-23 12:17:06.610928,17,43,5,1,0.5726,601.29,0.4277333333333333,582.4366666666666,0.2073,0.9245,0,normal
585,ADMIN-01,Administrative Office,2026-08-23 21:14:55,231.0,0.77,177.87,0.933,23.4,0,2026-08-23 16:44:55.601533,21,14,6,1,0.8885,112.26,0.8597000000000005,113.75333333333332,0.0445,0.9622,0,normal
446,ADMIN-01,Administrative Office,2026-08-23 14:58:37,231.7,1.88,435.6,5.6612,26.2,0,2026-08-23 12:17:06.611832,14,58,6,1,5.5523,476.73,5.4325,477.6466666666667,0.1089000000000002,5.7823,0,normal
307,CLASS-01,Classroom 1,2026-08-23 07:58:37,232.8,0.53,123.38,1.6949,25.2,0,2026-08-23 12:17:06.611460,7,58,6,1,1.6641,118.37,1.6337333333333337,125.73,0.0308000000000001,1.7898,0,normal
43,LAB-01,Computer Laboratory 1,2026-08-22 18:43:37,230.6,0.71,163.73,1.2667,24.1,0,2026-08-23 12:17:06.610952,18,43,5,1,1.2258,222.75,1.1697,331.8833333333333,0.0408999999999999,1.306,0,normal
93,LAB-01,Computer Laboratory 1,2026-08-22 21:13:37,229.8,0.62,142.48,1.7439,22.5,0,2026-08-23 12:17:06.611073,21,13,5,1,1.7083,142.97,1.6689333333333334,197.71666666666667,0.0356,1.7883,0,normal
91,ADMIN-01,Administrative Office,2026-08-22 21:13:37,228.8,0.54,123.55,1.187,23.0,0,2026-08-23 12:17:06.611070,21,13,5,1,1.1561,105.11,1.1242,152.85333333333332,0.0309000000000001,1.2347,0,normal
223,LAB-01,Computer Laboratory 1,2026-08-23 03:43:37,230.3,1.09,251.03,3.0565,22.6,0,2026-08-23 12:17:06.611321,3,43,6,1,2.9937,169.68,2.945133333333333,226.1866666666667,0.0628000000000001,3.1138,0,normal
557,LAB-01,Computer Laboratory 1,2026-08-23 19:44:55,229.9,0.8,183.92,1.1314,23.1,0,2026-08-23 16:44:55.601511,19,44,6,1,1.0854,228.46,1.0294666666666668,235.14333333333343,0.046,1.1872,0,normal
117,CLASS-01,Classroom 1,2026-08-22 22:28:37,232.4,0.52,120.85,0.6476,24.5,0,2026-08-23 12:17:06.611121,22,28,5,1,0.6174,137.47,0.5880333333333333,107.27,0.0302,0.6683,0,normal
483,LAB-01,Computer Laboratory 1,2026-08-23 16:43:37,230.7,2.49,574.44,10.2553,25.6,1,2026-08-23 12:17:06.611885,16,43,6,1,10.1117,860.31,9.8855,935.4933333333332,0.1435999999999992,10.4333,0,normal
298,LAB-01,Computer Laboratory 1,2026-08-23 07:28:37,226.6,0.99,224.33,3.8147,22.7,0,2026-08-23 12:17:06.611447,7,28,6,1,3.7586,190.85,3.715,158.08,0.0561000000000002,3.8746,0,normal
554,LIB-01,Library,2026-08-23 19:29:55,229.7,3.13,718.96,1.644,22.2,4,2026-08-23 16:44:55.601509,19,29,6,1,1.4643,679.91,1.2976666666666663,683.07,0.1796999999999999,1.7933,0,normal
169,LAB-02,Computer Laboratory 2,2026-08-23 00:58:37,232.2,0.92,213.62,2.4765,22.1,0,2026-08-23 12:17:06.611192,0,58,6,1,2.4231,245.71,2.3602000000000003,215.3033333333333,0.0534000000000003,2.5358,0,normal
183,LAB-01,Computer Laboratory 1,2026-08-23 01:43:37,231.2,0.82,189.58,2.6559,22.6,0,2026-08-23 12:17:06.611213,1,43,6,1,2.6085,237.95,2.549033333333333,220.52,0.0474000000000001,2.6954,0,normal
250,LIB-01,Library,2026-08-23 04:58:37,230.9,0.92,212.43,3.9724,22.6,0,2026-08-23 12:17:06.611377,4,58,6,1,3.9193,158.35,3.8766,169.8266666666667,0.0531000000000001,4.0355,0,normal
351,ADMIN-01,Administrative Office,2026-08-23 10:13:37,233.5,9.97,2327.36,3.6287,24.9,0,2026-08-23 12:17:06.611524,1,13,6,1,3.5487,476.86,3.4317333333333337,470.9466666666667,0.5629,3.7495,1,off_hours_high_load
399,LAB-02,Computer Laboratory 2,2026-08-23 12:28:37,230.2,2.66,612.33,6.9986,26.0,1,2026-08-23 12:17:06.611607,12,28,6,1,6.8455,560.96,6.692833333333334,681.1266666666667,0.1530999999999993,7.1417,0,normal
232,CLASS-01,Classroom 1,2026-08-23 04:13:37,229.8,0.57,130.99,1.2715,24.9,0,2026-08-23 12:17:06.611333,4,13,6,1,1.2388,120.28,1.2072,128.15666666666667,0.0327000000000001,1.3016,0,normal
271,ADMIN-01,Administrative Office,2026-08-23 06:13:37,226.1,0.58,131.14,2.6753,23.3,0,2026-08-23 12:17:06.611410,6,13,6,1,2.6425,112.31,2.6110666666666664,150.91666666666666,0.0327999999999999,2.717,0,normal
253,LAB-01,Computer Laboratory 1,2026-08-23 05:13:37,226.8,0.83,188.24,3.3788,22.7,0,2026-08-23 12:17:06.611381,5,13,6,1,3.3317,265.94,3.2677666666666667,221.84,0.0470999999999999,3.4312,0,normal
231,ADMIN-01,Administrative Office,2026-08-23 04:13:37,234.6,0.62,145.45,2.3767,23.8,0,2026-08-23 12:17:06.611332,4,13,6,1,2.3403,200.97,2.2932333333333337,178.82000000000002,0.0363999999999999,2.4105,0,normal
466,ADMIN-01,Administrative Office,2026-08-23 15:58:37,231.0,1.22,281.82,6.045,26.2,0,2026-08-23 12:17:06.611859,15,58,6,1,5.9745,392.7,5.8777,417.61,0.0705,6.1666,0,normal
243,LAB-01,Computer Laboratory 1,2026-08-23 04:43:37,232.8,1.01,235.13,3.2652,22.5,0,2026-08-23 12:17:06.611366,4,43,6,1,3.2064,164.45,3.161833333333333,199.89666666666668,0.0588000000000001,3.3317,0,normal
314,LAB-02,Computer Laboratory 2,2026-08-23 08:13:37,229.7,2.17,498.45,4.0614,22.2,0,2026-08-23 12:17:06.611470,8,13,6,1,3.9368,225.5,3.8793666666666655,226.68333333333337,0.1246,4.276,0,normal
545,ADMIN-01,Administrative Office,2026-08-23 19:14:55,226.1,0.64,144.7,0.6439,23.0,0,2026-08-23 16:44:55.601502,19,14,6,1,0.6077,202.21,0.5581333333333337,194.13,0.0362,0.6847,0,normal
288,LAB-01,Computer Laboratory 1,2026-08-23 06:58:37,224.9,0.63,141.69,3.7109,22.8,0,2026-08-23 12:17:06.611433,6,58,6,1,3.6755,141.7,3.6384,174.90333333333334,0.0354000000000001,3.7586,0,normal
372,CLASS-01,Classroom 1,2026-08-23 11:13:37,232.5,1.78,413.85,2.9018,26.8,5,2026-08-23 12:17:06.611552,11,13,6,1,2.7983,191.81,2.724033333333333,376.1933333333333,0.1035000000000003,2.9966,0,normal
417,CLASS-01,Classroom 1,2026-08-23 13:28:37,230.8,8.61,1986.79,3.8685,29.1,0,2026-08-23 12:17:06.611631,13,28,6,1,3.7439,511.71,3.617366666666667,494.1133333333333,1.746,3.9214,1,energy_delta_surge
300,LIB-01,Library,2026-08-23 07:28:37,232.0,1.19,276.08,4.5324,22.4,0,2026-08-23 12:17:06.611450,7,28,6,1,4.4634,176.47,4.417233333333333,214.89,0.0689999999999999,4.5785,0,normal
603,LAB-02,Computer Laboratory 2,2026-08-23 21:59:55,228.3,1.1,251.13,1.4611,22.3,0,2026-08-23 16:44:55.601549,21,59,6,1,0.0612,244.75,0.9338,218.88333333333333,1.3999,0.1237,0,normal
576,CLASS-01,Classroom 1,2026-08-23 20:44:55,235.1,0.5,117.55,0.4028,24.3,0,2026-08-23 16:44:55.601526,20,44,6,1,0.3734,92.8,0.3475999999999997,100.63666666666666,0.0293999999999999,0.4307,0,normal
34,LAB-02,Computer Laboratory 2,2026-08-22 18:13:37,231.2,0.85,196.52,1.1219,23.4,0,2026-08-23 12:17:06.610940,18,13,5,1,1.0728,786.0,0.8932333333333332,664.5433333333334,0.0490999999999999,1.1663,0,normal
284,LAB-02,Computer Laboratory 2,2026-08-23 06:43:37,229.0,0.83,190.07,3.6618,22.2,0,2026-08-23 12:17:06.611427,6,43,6,1,3.6143,266.76,3.547266666666667,260.28,0.0474999999999998,3.7022,0,normal
36,ADMIN-01,Administrative Office,2026-08-22 18:28:37,230.6,0.69,159.11,0.7858,24.5,0,2026-08-23 12:17:06.610943,18,28,5,1,0.746,171.82,0.6805,380.5233333333333,0.0398,0.8334,0,normal
309,LAB-02,Computer Laboratory 2,2026-08-23 07:58:37,234.9,0.96,225.5,3.9368,22.4,0,2026-08-23 12:17:06.611462,7,58,6,1,3.8804,238.07,3.8227,237.68333333333337,0.0564,4.0614,0,normal
589,LIB-01,Library,2026-08-23 21:14:55,228.1,7.35,1677.09,2.2023,22.1,0,2026-08-23 16:44:55.601538,21,14,6,1,2.1635,236.14,2.1112333333333333,198.40666666666675,0.888,2.2495,1,energy_delta_surge
248,LAB-01,Computer Laboratory 1,2026-08-23 04:58:37,227.3,1.17,265.94,3.3317,22.4,0,2026-08-23 12:17:06.611374,4,58,6,1,3.2652,235.13,3.2123000000000004,201.81333333333336,0.0665,3.3788,0,normal
571,CLASS-01,Classroom 1,2026-08-23 20:29:55,232.0,0.4,92.8,0.3734,24.9,0,2026-08-23 16:44:55.601522,20,29,6,1,0.3502,123.86,0.322433333333333,111.46666666666664,0.0232,0.4028,0,normal
198,LAB-01,Computer Laboratory 1,2026-08-23 02:28:37,231.0,0.71,164.01,2.7715,22.9,0,2026-08-23 12:17:06.611287,2,28,6,1,2.7305,140.36,2.6939333333333337,162.70333333333335,0.0409999999999999,2.8241,0,normal
155,LIB-01,Library,2026-08-23 00:13:37,229.0,1.16,265.64,3.0643,21.9,0,2026-08-23 12:17:06.611173,0,13,6,1,2.9979,201.7,2.9489,213.86333333333332,0.0663999999999997,3.1032,0,normal
346,ADMIN-01,Administrative Office,2026-08-23 09:58:37,226.0,2.11,476.86,3.5487,24.2,0,2026-08-23 12:17:06.611517,9,58,6,1,3.4295,450.05,3.314,444.0,0.1192000000000002,3.6287,0,normal
380,LIB-01,Library,2026-08-23 11:28:37,230.4,3.1,714.24,6.3056,23.8,5,2026-08-23 12:17:06.611563,11,28,6,1,6.127,528.28,5.977266666666666,605.7900000000001,0.1786000000000003,6.4461,0,normal
533,LAB-02,Computer Laboratory 2,2026-08-23 18:29:55,232.5,0.97,225.53,0.7521,23.5,0,2026-08-23 16:44:55.601492,18,29,6,1,0.6957,180.04,0.6203,495.8300000000001,0.0564,0.8172,0,normal
318,LAB-01,Computer Laboratory 1,2026-08-23 08:28:37,229.1,4.5,1030.95,4.3017,22.5,4,2026-08-23 12:17:06.611477,8,28,6,1,4.044,521.2,3.9441,305.7333333333333,0.2577000000000007,4.5655,0,normal
50,LIB-01,Library,2026-08-22 18:58:37,232.7,3.16,735.33,1.585,23.2,5,2026-08-23 12:17:06.610962,18,58,5,1,1.4012,740.3,1.233866666666667,635.5733333333334,0.1837999999999999,1.7602,0,normal
434,LAB-02,Computer Laboratory 2,2026-08-23 14:13:37,229.6,2.38,546.45,8.2036,26.0,1,2026-08-23 12:17:06.611816,14,13,6,1,8.067,670.43,7.894533333333332,743.2066666666666,0.1365999999999996,8.3734,0,normal
348,LAB-01,Computer Laboratory 1,2026-08-23 09:58:37,224.5,3.77,846.37,5.6575,24.4,3,2026-08-23 12:17:06.611520,9,58,6,1,5.4459,828.98,5.2346,831.2333333333335,0.2115999999999998,5.8039,0,normal
142,CLASS-01,Classroom 1,2026-08-22 23:43:37,231.6,0.34,78.74,0.7739,24.9,0,2026-08-23 12:17:06.611155,23,43,5,1,0.7542,132.41,0.7246,114.52666666666666,0.0197,0.7929,0,normal
17,CLASS-01,Classroom 1,2026-08-22 17:28:37,228.7,0.48,109.78,0.0995,26.3,0,2026-08-23 12:17:06.610916,17,28,5,1,0.0721,73.6,0.0490666666666666,96.16666666666669,0.0274,0.119,0,normal
558,LAB-02,Computer Laboratory 2,2026-08-23 19:44:55,229.2,0.69,158.15,0.9984,22.5,0,2026-08-23 16:44:55.601512,19,44,6,1,0.9589,222.42,0.9073333333333332,188.8766666666667,0.0394999999999999,1.0673,0,normal
280,LIB-01,Library,2026-08-23 06:28:37,230.1,0.97,223.2,4.3022,22.1,0,2026-08-23 12:17:06.611422,6,28,6,1,4.2464,204.2,4.1915,201.43333333333337,0.0557999999999996,4.369,0,normal
322,CLASS-01,Classroom 1,2026-08-23 08:43:37,233.5,1.78,415.63,1.9592,25.3,4,2026-08-23 12:17:06.611482,8,43,6,1,1.8553,262.09,1.78,254.99,0.1039000000000001,2.0665,0,normal
507,LAB-01,Computer Laboratory 1,2026-08-23 17:14:55,231.2,2.85,658.92,0.1647,23.9,0,2026-08-23 16:44:55.601471,17,14,6,1,10.5953,648.05,10.427966666666666,644.8533333333335,0.0,10.8228,0,normal
388,LAB-01,Computer Laboratory 1,2026-08-23 11:58:37,228.9,2.61,597.43,6.7824,23.5,1,2026-08-23 12:17:06.611592,11,58,6,1,6.633,455.32,6.485733333333333,564.5500000000001,0.1493999999999999,6.935,0,normal
276,ADMIN-01,Administrative Office,2026-08-23 06:28:37,182.4,10.92,1991.81,2.717,23.6,0,2026-08-23 12:17:06.611417,6,28,6,1,2.6753,131.14,2.644066666666667,131.99333333333334,0.0417,2.7603,1,voltage_anomaly
475,LIB-01,Library,2026-08-23 16:13:37,229.2,2.47,566.12,9.2059,24.4,2,2026-08-23 12:17:06.611874,16,13,6,1,9.0644,565.06,8.9302,562.8133333333334,0.1415000000000006,9.3526,0,normal
175,LIB-01,Library,2026-08-23 01:13:37,233.2,0.97,226.2,3.2428,22.3,0,2026-08-23 12:17:06.611199,1,13,6,1,3.1863,156.4,3.1455666666666677,162.61666666666667,0.0564999999999997,3.2967,0,normal
102,CLASS-01,Classroom 1,2026-08-22 21:43:37,228.0,0.47,107.16,0.5637,25.2,0,2026-08-23 12:17:06.611093,21,43,5,1,0.5369,114.09,0.5079333333333333,108.26333333333332,0.0267999999999999,0.583,0,normal
96,ADMIN-01,Administrative Office,2026-08-22 21:28:37,230.0,0.83,190.9,1.2347,23.9,0,2026-08-23 12:17:06.611077,21,28,5,1,1.187,123.55,1.1576333333333333,133.71666666666667,0.0476999999999998,1.2807,0,normal
257,CLASS-01,Classroom 1,2026-08-23 05:28:37,230.5,0.38,87.59,1.4177,24.7,0,2026-08-23 12:17:06.611386,5,28,6,1,1.3958,129.25,1.3642333333333332,125.51333333333334,0.0219,1.4416,0,normal
80,LIB-01,Library,2026-08-22 20:28:37,234.1,0.82,191.96,2.3051,21.9,0,2026-08-23 12:17:06.611020,20,28,5,1,2.2571,143.96,2.1744,465.48,0.048,2.342,0,normal
270,LIB-01,Library,2026-08-23 05:58:37,230.2,1.09,250.92,4.1954,22.8,0,2026-08-23 12:17:06.611409,5,58,6,1,4.1327,149.18,4.087866666666667,213.82000000000005,0.0627000000000004,4.2464,0,normal
126,ADMIN-01,Administrative Office,2026-08-22 22:58:37,236.6,0.8,189.28,1.497,23.5,0,2026-08-23 12:17:06.611133,22,58,5,1,1.4497,198.79,1.4022666666666666,190.81000000000003,0.0473000000000001,1.5412,0,normal
259,LAB-02,Computer Laboratory 2,2026-08-23 05:28:37,225.1,0.64,144.06,3.3786,23.0,0,2026-08-23 12:17:06.611389,5,28,6,1,3.3426,172.12,3.2964333333333333,209.53,0.036,3.419,0,normal
35,LIB-01,Library,2026-08-22 18:13:37,229.9,2.78,639.12,1.0843,22.7,0,2026-08-23 12:17:06.610941,18,13,5,1,0.9245,578.36,0.759,669.6533333333333,0.1598,1.2161,0,normal
99,LAB-02,Computer Laboratory 2,2026-08-22 21:28:37,227.3,0.67,152.29,1.7208,22.2,0,2026-08-23 12:17:06.611089,21,28,5,1,1.6827,165.53,1.6420333333333332,163.85333333333332,0.0381,1.7822,0,normal
400,LIB-01,Library,2026-08-23 12:28:37,232.3,2.2,511.06,6.8968,24.3,0,2026-08-23 12:17:06.611608,12,28,6,1,6.769,563.7,6.6144,617.85,0.1277999999999997,7.0835,0,normal
18,LAB-01,Computer Laboratory 1,2026-08-22 17:28:37,226.0,3.39,766.14,0.8281,23.6,3,2026-08-23 12:17:06.610917,17,28,5,1,0.6366,988.65,0.4058333333333333,848.6966666666667,0.1914999999999999,0.9768,0,normal
485,LIB-01,Library,2026-08-23 16:43:37,228.7,3.22,736.41,9.5367,24.7,4,2026-08-23 12:17:06.611887,16,43,6,1,9.3526,586.89,9.207633333333334,572.69,0.184099999999999,9.7072,0,normal
153,LAB-01,Computer Laboratory 1,2026-08-23 00:13:37,233.3,0.68,158.64,2.3445,22.9,0,2026-08-23 12:17:06.611170,0,13,6,1,2.3048,252.89,2.2397666666666667,243.0433333333333,0.0396999999999998,2.3981,0,normal
167,CLASS-01,Classroom 1,2026-08-23 00:58:37,228.8,0.59,134.99,0.9098,24.5,0,2026-08-23 12:17:06.611189,0,58,6,1,0.8761,130.81,0.8452666666666667,110.87,0.0337,0.9341,0,normal
27,CLASS-01,Classroom 1,2026-08-22 17:58:37,231.0,0.56,129.36,0.1513,26.9,0,2026-08-23 12:17:06.610931,17,58,5,1,0.119,78.06,0.0968666666666666,87.14666666666666,0.0322999999999999,0.1864,0,normal
74,LAB-02,Computer Laboratory 2,2026-08-22 20:13:37,229.3,0.76,174.27,1.5213,22.7,0,2026-08-23 12:17:06.611012,20,13,5,1,1.4777,198.75,1.4330333333333334,188.66,0.0436,1.5598,0,normal
570,ADMIN-01,Administrative Office,2026-08-23 20:29:55,229.9,0.47,108.05,0.8302,23.3,0,2026-08-23 16:44:55.601521,20,29,6,1,0.8032,183.52,0.7589333333333337,157.90333333333334,0.027,0.8604,0,normal
262,CLASS-01,Classroom 1,2026-08-23 05:43:37,227.6,0.42,95.59,1.4416,24.6,0,2026-08-23 12:17:06.611397,5,43,6,1,1.4177,87.59,1.3923333333333332,112.37333333333332,0.0239,1.4601,0,normal
286,ADMIN-01,Administrative Office,2026-08-23 06:58:37,228.9,0.52,119.03,2.7901,23.5,0,2026-08-23 12:17:06.611430,6,58,6,1,2.7603,173.02,2.7175333333333334,156.92333333333332,0.0297999999999998,2.8304,0,normal
562,LAB-01,Computer Laboratory 1,2026-08-23 19:59:55,232.4,0.96,223.1,1.1872,22.6,0,2026-08-23 16:44:55.601515,19,59,6,1,1.1314,183.92,1.0817,208.8700000000001,0.0558,1.2264,0,normal
511,CLASS-01,Classroom 1,2026-08-23 17:29:55,230.2,0.6,138.12,0.0525,26.8,0,2026-08-23 16:44:55.601475,17,29,6,1,4.8542,113.68,3.2326666666666664,105.17666666666668,0.0,0.0842,0,normal
193,LAB-01,Computer Laboratory 1,2026-08-23 02:13:37,230.1,0.61,140.36,2.7305,23.0,0,2026-08-23 12:17:06.611280,2,13,6,1,2.6954,158.17,2.6532666666666667,195.23333333333332,0.0351000000000003,2.7715,0,normal
86,ADMIN-01,Administrative Office,2026-08-22 20:58:37,228.5,0.46,105.11,1.1561,23.0,0,2026-08-23 12:17:06.611059,20,58,5,1,1.1298,172.49,1.086,174.54333333333332,0.0262999999999999,1.187,0,normal
428,LAB-01,Computer Laboratory 1,2026-08-23 13:58:37,228.7,3.58,818.75,8.1193,26.2,3,2026-08-23 12:17:06.611791,13,58,6,1,7.9146,736.77,7.716666666666666,738.08,0.2047000000000007,8.2536,0,normal
68,LAB-01,Computer Laboratory 1,2026-08-22 19:58:37,226.4,0.61,138.1,1.4976,22.3,0,2026-08-23 12:17:06.610996,19,58,5,1,1.4631,159.74,1.4171333333333334,209.45666666666668,0.0344999999999999,1.56,0,normal
463,LAB-01,Computer Laboratory 1,2026-08-23 15:43:37,234.4,2.54,595.38,9.4101,25.4,0,2026-08-23 12:17:06.611856,15,43,6,1,9.2613,912.5,9.0214,935.5233333333337,0.1487999999999996,9.6482,0,normal
594,LIB-01,Library,2026-08-23 21:29:55,227.6,0.83,188.91,2.2495,22.2,0,2026-08-23 16:44:55.601542,21,29,6,1,2.2023,155.11,2.1567666666666665,182.1166666666668,0.0471999999999996,2.305,0,normal
347,CLASS-01,Classroom 1,2026-08-23 09:58:37,229.8,1.49,342.4,2.4182,26.7,2,2026-08-23 12:17:06.611519,9,58,6,1,2.3326,223.2,2.2555,354.83666666666664,0.0856000000000003,2.5161,0,normal
547,LAB-01,Computer Laboratory 1,2026-08-23 19:14:55,227.9,0.94,214.23,1.0283,22.9,0,2026-08-23 16:44:55.601503,19,14,6,1,0.9747,262.74,0.9081666666666668,237.27000000000007,0.0535999999999999,1.0854,0,normal
335,LIB-01,Library,2026-08-23 09:13:37,233.3,2.11,492.26,4.9702,23.0,1,2026-08-23 12:17:06.611499,9,13,6,1,4.8471,229.17,4.7943,213.32000000000005,0.1230999999999999,5.1298,0,normal
283,LAB-01,Computer Laboratory 1,2026-08-23 06:43:37,232.3,0.61,141.7,3.6755,22.1,0,2026-08-23 12:17:06.611426,6,43,6,1,3.6401,161.95,3.5946666666666665,210.6933333333333,0.0354000000000001,3.7109,0,normal
471,ADMIN-01,Administrative Office,2026-08-23 16:13:37,227.2,2.14,486.21,6.1666,26.2,1,2026-08-23 12:17:06.611866,16,13,6,1,6.045,281.82,5.965266666666667,350.1366666666667,0.1215999999999999,6.2942,0,normal
297,CLASS-01,Classroom 1,2026-08-23 07:28:37,231.9,0.55,127.55,1.6345,24.4,0,2026-08-23 12:17:06.611445,7,28,6,1,1.6026,131.27,1.5715,126.72666666666667,0.0319,1.6641,0,normal
110,LIB-01,Library,2026-08-22 21:58:37,233.6,0.68,158.85,2.5793,22.5,0,2026-08-23 12:17:06.611104,21,58,5,1,2.5396,151.39,2.4980333333333333,179.15666666666667,0.0396999999999998,2.6301,0,normal
4,LAB-02,Computer Laboratory 2,2026-08-22 16:43:37,229.9,3.98,915.0,0.2288,25.5,3,2026-08-23 12:17:06.610896,16,43,5,1,0.2288,915.0,0.2288,915.0,0.0,0.3622,0,normal
597,LAB-01,Computer Laboratory 1,2026-08-23 21:44:55,230.1,1.08,248.51,1.5624,22.8,0,2026-08-23 16:44:55.601544,21,44,6,1,1.5003,185.12,1.4500333333333335,227.92000000000007,0.0621,0.0632,0,normal
319,LAB-02,Computer Laboratory 2,2026-08-23 08:28:37,232.0,3.7,858.4,4.276,23.2,3,2026-08-23 12:17:06.611478,8,28,6,1,4.0614,498.45,3.959533333333333,320.67333333333335,0.2145999999999999,4.4226,0,normal
26,ADMIN-01,Administrative Office,2026-08-22 17:58:37,225.5,1.96,441.98,0.703,24.4,1,2026-08-23 12:17:06.610929,17,58,5,1,0.5925,527.77,0.4647666666666667,496.58,0.1104999999999999,0.746,0,normal
226,ADMIN-01,Administrative Office,2026-08-23 03:58:37,231.0,0.87,200.97,2.3403,23.6,0,2026-08-23 12:17:06.611326,3,58,6,1,2.2901,163.37,2.2485666666666666,152.25,0.0502000000000002,2.3767,0,normal
403,LAB-01,Computer Laboratory 1,2026-08-23 12:43:37,234.9,2.35,552.01,7.2158,25.5,1,2026-08-23 12:17:06.611613,12,43,6,1,7.0778,571.06,6.931733333333334,592.9533333333334,0.1379999999999999,7.361,0,normal
329,LAB-02,Computer Laboratory 2,2026-08-23 08:58:37,225.9,3.43,774.84,4.6163,22.7,3,2026-08-23 12:17:06.611491,8,58,6,1,4.4226,586.23,4.253333333333333,647.6933333333333,0.1936999999999997,4.7813,0,normal
260,LIB-01,Library,2026-08-23 05:28:37,230.5,1.04,239.72,4.0954,22.3,0,2026-08-23 12:17:06.611394,5,28,6,1,4.0355,252.56,3.975733333333333,207.7800000000001,0.0598999999999998,4.1327,0,normal
81,ADMIN-01,Administrative Office,2026-08-22 20:43:37,233.1,0.74,172.49,1.1298,24.0,0,2026-08-23 12:17:06.611051,20,43,5,1,1.0867,180.96,1.0424,159.01,0.0430999999999999,1.1561,0,normal
241,ADMIN-01,Administrative Office,2026-08-23 04:43:37,231.3,0.73,168.85,2.4527,23.2,0,2026-08-23 12:17:06.611363,4,43,6,1,2.4105,135.23,2.375833333333334,160.54999999999998,0.0422000000000002,2.48,0,normal
381,ADMIN-01,Administrative Office,2026-08-23 11:43:37,236.2,8.61,2032.75,4.3291,24.7,0,2026-08-23 12:17:06.611564,11,43,6,1,4.2193,476.1,4.103133333333333,454.8233333333333,0.508,4.4322,1,power_spike
450,LIB-01,Library,2026-08-23 14:58:37,233.1,2.17,505.83,8.4892,24.4,1,2026-08-23 12:17:06.611837,14,58,6,1,8.3627,702.83,8.185933333333333,707.1666666666666,0.1265,8.6423,0,normal
16,ADMIN-01,Administrative Office,2026-08-22 17:28:37,231.8,2.06,477.51,0.4606,24.9,0,2026-08-23 12:17:06.610915,17,28,5,1,0.3412,484.46,0.2288333333333333,454.97,0.1194,0.5925,0,normal
508,LAB-02,Computer Laboratory 2,2026-08-23 17:14:55,226.2,2.76,624.31,0.1561,24.0,1,2026-08-23 16:44:55.601472,17,14,6,1,10.2597,658.07,10.097,636.6500000000001,0.0,10.3952,0,normal
583,LAB-02,Computer Laboratory 2,2026-08-23 20:59:55,229.3,0.68,155.92,1.2456,22.9,0,2026-08-23 16:44:55.601531,20,59,6,1,1.2066,141.76,1.1653666666666669,185.8933333333333,0.0390000000000001,1.2953,0,normal
10,LIB-01,Library,2026-08-22 16:58:37,224.3,2.72,610.1,0.2883,24.6,3,2026-08-23 12:17:06.610906,16,58,5,1,0.1358,543.2,0.1358,543.2,0.1525,0.4223,0,normal
179,LAB-02,Computer Laboratory 2,2026-08-23 01:28:37,228.2,0.91,207.66,2.5877,22.7,0,2026-08-23 12:17:06.611208,1,28,6,1,2.5358,237.21,2.4784666666666664,232.18,0.0518999999999998,2.6287,0,normal
593,LAB-02,Computer Laboratory 2,2026-08-23 21:29:55,230.1,0.81,186.38,1.3419,22.2,0,2026-08-23 16:44:55.601541,21,29,6,1,1.2953,198.62,1.2491666666666663,165.4333333333333,0.0466000000000002,1.3983,0,normal
448,LAB-01,Computer Laboratory 1,2026-08-23 14:58:37,226.4,3.71,839.94,8.7697,26.2,3,2026-08-23 12:17:06.611835,14,58,6,1,8.5597,559.74,8.411033333333334,587.3333333333334,0.2100000000000008,9.0332,0,normal
526,CLASS-01,Classroom 1,2026-08-23 18:14:55,231.2,0.46,106.35,0.1392,26.7,0,2026-08-23 16:44:55.601487,18,14,6,1,0.1126,113.58,0.0830999999999997,126.12333333333332,0.0265999999999999,0.1638,0,normal
131,ADMIN-01,Administrative Office,2026-08-22 23:13:37,226.8,0.78,176.9,1.5412,23.7,0,2026-08-23 12:17:06.611140,23,13,5,1,1.497,189.28,1.4489,186.53,0.0441999999999997,1.5913,0,normal
538,LAB-02,Computer Laboratory 2,2026-08-23 18:44:55,230.5,1.13,260.46,0.8172,23.8,0,2026-08-23 16:44:55.601496,18,44,6,1,0.7521,225.53,0.6995,316.8533333333333,0.0651,0.8598,0,normal
108,LAB-01,Computer Laboratory 1,2026-08-22 21:58:37,227.7,1.13,257.3,1.8983,22.2,0,2026-08-23 12:17:06.611101,21,58,5,1,1.834,182.73,1.7887333333333333,167.58,0.0643,1.94,0,normal
251,ADMIN-01,Administrative Office,2026-08-23 05:13:37,229.5,0.86,197.37,2.5293,23.1,0,2026-08-23 12:17:06.611378,5,13,6,1,2.48,109.07,2.4477333333333333,137.71666666666667,0.0493000000000001,2.5763,0,normal
546,CLASS-01,Classroom 1,2026-08-23 19:14:55,227.4,0.5,113.7,0.2473,24.5,0,2026-08-23 16:44:55.601502,19,14,6,1,0.2189,106.17,0.1916999999999996,106.45666666666666,0.0283999999999999,0.2666,0,normal
186,ADMIN-01,Administrative Office,2026-08-23 01:58:37,234.4,0.81,189.86,1.9997,23.6,0,2026-08-23 12:17:06.611218,1,58,6,1,1.9522,139.32,1.9193333333333331,148.03333333333333,0.0475000000000001,2.0508,0,normal
182,CLASS-01,Classroom 1,2026-08-23 01:43:37,230.8,0.45,103.86,0.9902,25.1,0,2026-08-23 12:17:06.611212,1,43,6,1,0.9642,120.42,0.9360333333333334,117.56,0.026,1.0125,0,normal
586,CLASS-01,Classroom 1,2026-08-23 21:14:55,231.3,0.33,76.33,0.4498,24.7,0,2026-08-23 16:44:55.601534,21,14,6,1,0.4307,111.67,0.4022999999999997,107.34,0.0190999999999999,0.478,0,normal
599,LIB-01,Library,2026-08-23 21:44:55,228.9,0.97,222.03,2.305,22.3,0,2026-08-23 16:44:55.601546,21,44,6,1,2.2495,188.91,2.2051000000000003,193.38666666666677,0.0555000000000003,0.0477,0,normal
272,CLASS-01,Classroom 1,2026-08-23 06:13:37,227.0,0.47,106.69,1.4868,25.2,0,2026-08-23 12:17:06.611411,6,13,6,1,1.4601,74.11,1.4398,85.76333333333334,0.0266999999999999,1.5076,0,normal
215,LIB-01,Library,2026-08-23 03:13:37,228.6,0.76,173.74,3.6685,22.7,0,2026-08-23 12:17:06.611310,3,13,6,1,3.6251,260.38,3.568866666666666,220.89,0.0433999999999996,3.7062,0,normal
104,LAB-02,Computer Laboratory 2,2026-08-22 21:43:37,233.9,1.05,245.6,1.7822,23.1,0,2026-08-23 12:17:06.611096,21,43,5,1,1.7208,152.29,1.6816000000000002,158.16333333333333,0.0613999999999999,1.8469,0,normal
367,CLASS-01,Classroom 1,2026-08-23 10:58:37,231.1,0.83,191.81,2.7983,26.8,0,2026-08-23 12:17:06.611546,10,58,6,1,2.7503,507.27,2.629966666666667,442.8066666666667,0.0479999999999996,2.9018,0,normal
225,LIB-01,Library,2026-08-23 03:43:37,225.8,0.7,158.06,3.7457,22.5,0,2026-08-23 12:17:06.611324,3,43,6,1,3.7062,150.93,3.6666,195.01666666666677,0.0394999999999998,3.7919,0,normal
582,LAB-01,Computer Laboratory 1,2026-08-23 20:59:55,227.3,1.17,265.94,1.3958,23.0,0,2026-08-23 16:44:55.601531,20,59,6,1,1.3293,233.99,1.2755,189.5833333333334,0.0665,1.454,0,normal
238,LAB-01,Computer Laboratory 1,2026-08-23 04:28:37,228.4,3.3,754.51,3.2064,23.0,0,2026-08-23 12:17:06.611359,4,28,6,1,3.1653,205.86,3.1118666666666663,228.75666666666663,0.1886,3.2652,1,power_spike
255,LIB-01,Library,2026-08-23 05:13:37,229.6,1.1,252.56,4.0355,22.2,0,2026-08-23 12:17:06.611384,5,13,6,1,3.9724,212.43,3.9238,188.73,0.0630999999999999,4.0954,0,normal
336,ADMIN-01,Administrative Office,2026-08-23 09:28:37,230.3,2.11,485.93,3.317,24.5,1,2026-08-23 12:17:06.611501,9,28,6,1,3.1955,396.02,3.113833333333333,253.96,0.1215000000000001,3.4295,0,normal
374,LAB-02,Computer Laboratory 2,2026-08-23 11:13:37,224.9,2.73,613.98,6.1508,24.2,1,2026-08-23 12:17:06.611555,11,13,6,1,5.9973,627.5,5.825033333333333,660.8166666666667,0.1535000000000002,6.3347,0,normal
237,CLASS-01,Classroom 1,2026-08-23 04:28:37,226.8,0.53,120.2,1.3016,24.7,0,2026-08-23 12:17:06.611357,4,28,6,1,1.2715,130.99,1.2396666666666667,129.91666666666666,0.0301,1.3334,0,normal
577,LAB-01,Computer Laboratory 1,2026-08-23 20:44:55,229.4,1.02,233.99,1.3293,22.7,0,2026-08-23 16:44:55.601527,20,44,6,1,1.2708,177.79,1.2281333333333333,185.9533333333334,0.0584999999999999,1.3958,0,normal
207,CLASS-01,Classroom 1,2026-08-23 02:58:37,226.7,0.47,106.55,1.1186,25.3,0,2026-08-23 12:17:06.611299,2,58,6,1,1.092,107.3,1.0655333333333334,106.00666666666666,0.0265999999999999,1.1427,0,normal
338,LAB-01,Computer Laboratory 1,2026-08-23 09:28:37,234.1,3.75,877.88,5.2387,23.8,3,2026-08-23 12:17:06.611503,9,28,6,1,5.0192,786.84,4.8024,956.6433333333334,0.2195,5.4459,0,normal
362,CLASS-01,Classroom 1,2026-08-23 10:43:37,228.5,2.22,507.27,2.7503,26.8,6,2026-08-23 12:17:06.611539,10,43,6,1,2.6235,429.5,2.5192666666666663,387.85,0.1268000000000002,2.7983,0,normal
94,LAB-02,Computer Laboratory 2,2026-08-22 21:13:37,229.9,0.72,165.53,1.6827,22.9,0,2026-08-23 12:17:06.611074,21,13,5,1,1.6413,156.67,1.6010666666666669,159.98,0.0414000000000001,1.7208,0,normal
157,CLASS-01,Classroom 1,2026-08-23 00:28:37,230.3,0.47,108.24,0.8434,25.1,0,2026-08-23 12:17:06.611175,0,28,6,1,0.8163,93.56,0.7943666666666668,82.82,0.0271,0.8761,0,normal
89,LAB-02,Computer Laboratory 2,2026-08-22 20:58:37,230.4,0.68,156.67,1.6413,22.1,0,2026-08-23 12:17:06.611063,20,58,5,1,1.6021,169.36,1.5610666666666668,165.84666666666666,0.0391999999999999,1.6827,0,normal
39,LAB-02,Computer Laboratory 2,2026-08-22 18:28:37,233.8,0.76,177.69,1.1663,24.2,0,2026-08-23 12:17:06.610947,18,28,5,1,1.1219,196.52,1.0236666666666665,521.81,0.0443999999999999,1.2093,0,normal
531,CLASS-01,Classroom 1,2026-08-23 18:29:55,229.3,0.43,98.6,0.1638,26.3,0,2026-08-23 16:44:55.601491,18,29,6,1,0.1392,106.35,0.1119999999999997,115.53333333333336,0.0246,0.1924,0,normal
14,LAB-02,Computer Laboratory 2,2026-08-22 17:13:37,233.2,3.64,848.85,0.5744,24.0,3,2026-08-23 12:17:06.610912,17,13,5,1,0.3622,533.75,0.2955,724.375,0.2122,0.7306,0,normal
598,LAB-02,Computer Laboratory 2,2026-08-23 21:44:55,227.8,0.99,225.52,1.3983,23.0,0,2026-08-23 16:44:55.601545,21,44,6,1,1.3419,186.38,1.294266666666667,180.30666666666664,0.0564,0.0612,0,normal
520,ADMIN-01,Administrative Office,2026-08-23 17:59:55,234.1,1.66,388.61,0.4165,24.1,0,2026-08-23 16:44:55.601482,17,59,6,1,0.3193,449.47,2.4109000000000003,396.3966666666667,0.0972,0.4621,0,normal
344,LAB-02,Computer Laboratory 2,2026-08-23 09:43:37,228.0,3.18,725.04,5.1547,23.9,2,2026-08-23 12:17:06.611511,9,43,6,1,4.9734,768.56,4.790333333333333,734.4033333333333,0.1813000000000002,5.3047,0,normal
371,ADMIN-01,Administrative Office,2026-08-23 11:13:37,230.2,1.92,441.98,4.1003,24.1,1,2026-08-23 12:17:06.611551,11,13,6,1,3.9898,446.39,3.8725,481.53,0.1105,4.2193,0,normal
199,LAB-02,Computer Laboratory 2,2026-08-23 02:28:37,278.8,9.8,2732.24,2.7897,22.1,0,2026-08-23 12:17:06.611288,2,28,6,1,2.7437,259.28,2.683766666666666,208.0,0.0459999999999998,2.8303,1,voltage_anomaly
249,LAB-02,Computer Laboratory 2,2026-08-23 04:58:37,230.9,4.0,923.36,3.2996,22.3,0,2026-08-23 12:17:06.611375,4,58,6,1,3.2471,246.35,3.189966666666667,224.12,0.2307,3.3426,1,power_spike
605,ADMIN-01,Administrative Office,2026-08-23 21:45:56,233.2,0.84,195.89,0.049,23.1,0,2026-08-23 16:45:56.426954,21,45,6,1,1.0096,189.59,0.9682666666666668,161.38333333333333,0.0,1.0539,0,normal
460,LIB-01,Library,2026-08-23 15:28:37,232.2,2.77,643.19,8.8031,24.5,4,2026-08-23 12:17:06.611851,15,28,6,1,8.6423,612.23,8.498066666666668,606.9633333333335,0.1608,8.9231,0,normal
444,LAB-02,Computer Laboratory 2,2026-08-23 14:43:37,230.9,3.9,900.51,8.5985,25.8,3,2026-08-23 12:17:06.611829,14,43,6,1,8.3734,679.33,8.214666666666666,632.07,0.2250999999999994,8.7705,0,normal
539,LIB-01,Library,2026-08-23 18:44:55,229.5,3.18,729.81,1.1344,23.0,5,2026-08-23 16:44:55.601497,18,44,6,1,0.9519,672.22,0.7978999999999999,612.0233333333334,0.1825000000000001,1.2943,0,normal
432,CLASS-01,Classroom 1,2026-08-23 14:13:37,226.0,1.48,334.48,4.098,28.5,0,2026-08-23 12:17:06.611813,14,13,6,1,4.0144,372.0,3.9347666666666665,360.68,0.0835999999999996,4.1712,0,normal
470,LIB-01,Library,2026-08-23 15:58:37,229.7,2.46,565.06,9.0644,24.8,1,2026-08-23 12:17:06.611865,15,58,6,1,8.9231,480.19,8.789499999999999,578.5366666666667,0.1412999999999993,9.2059,0,normal
129,LAB-02,Computer Laboratory 2,2026-08-22 22:58:37,230.3,0.85,195.75,2.0325,22.2,0,2026-08-23 12:17:06.611137,22,58,5,1,1.9836,152.99,1.9465666666666663,182.24,0.0489000000000001,2.0895,0,normal
64,LAB-02,Computer Laboratory 2,2026-08-22 19:43:37,226.6,0.61,138.23,1.428,22.8,0,2026-08-23 12:17:06.610980,19,43,5,1,1.3934,229.0,1.3351999999999995,245.49,0.0345999999999999,1.4777,0,normal
419,LAB-02,Computer Laboratory 2,2026-08-23 13:28:37,230.7,3.6,830.52,7.7172,26.0,3,2026-08-23 12:17:06.611634,13,28,6,1,7.5096,644.93,7.333233333333332,681.3666666666667,0.2076000000000002,7.8994,0,normal
41,ADMIN-01,Administrative Office,2026-08-22 18:43:37,235.0,0.81,190.35,0.8334,24.6,0,2026-08-23 12:17:06.610950,18,43,5,1,0.7858,159.11,0.7449333333333333,257.6366666666667,0.0475999999999999,0.8624,0,normal
269,LAB-02,Computer Laboratory 2,2026-08-23 05:58:37,234.1,1.04,243.46,3.4799,22.4,0,2026-08-23 12:17:06.611407,5,58,6,1,3.419,161.56,3.3800666666666666,159.24666666666667,0.0609000000000001,3.5476,0,normal
181,ADMIN-01,Administrative Office,2026-08-23 01:43:37,228.4,0.61,139.32,1.9522,24.0,0,2026-08-23 12:17:06.611211,1,43,6,1,1.9174,115.97,1.8823333333333332,154.74666666666667,0.0347999999999999,1.9997,0,normal
92,CLASS-01,Classroom 1,2026-08-22 21:13:37,229.8,0.52,119.5,0.5084,25.0,0,2026-08-23 12:17:06.611071,21,13,5,1,0.4785,91.2,0.4554,104.27,0.0298999999999999,0.5369,0,normal
58,LAB-01,Computer Laboratory 1,2026-08-22 19:28:37,230.1,1.01,232.4,1.4232,22.4,0,2026-08-23 12:17:06.610972,19,28,5,1,1.3651,236.23,1.3126,185.7266666666667,0.0581,1.4631,0,normal
308,LAB-01,Computer Laboratory 1,2026-08-23 07:58:37,229.9,0.68,156.33,3.9137,22.3,0,2026-08-23 12:17:06.611461,7,58,6,1,3.8746,239.67,3.8159666666666663,218.28333333333333,0.0390999999999999,4.044,0,normal
339,LAB-02,Computer Laboratory 2,2026-08-23 09:28:37,230.8,3.33,768.56,4.9734,23.5,2,2026-08-23 12:17:06.611504,9,28,6,1,4.7813,659.81,4.606733333333334,673.6266666666667,0.1920999999999999,5.1547,0,normal
29,LAB-02,Computer Laboratory 2,2026-08-22 17:58:37,230.5,3.41,786.0,1.0728,23.6,3,2026-08-23 12:17:06.610933,17,58,5,1,0.8763,582.91,0.7271,685.4933333333333,0.1965,1.1219,0,normal
296,ADMIN-01,Administrative Office,2026-08-23 07:28:37,230.3,0.57,131.27,2.8632,23.1,0,2026-08-23 12:17:06.611444,7,28,6,1,2.8304,161.28,2.7936,151.11,0.0327999999999999,2.8912,0,normal
560,ADMIN-01,Administrative Office,2026-08-23 19:59:55,227.5,0.72,163.8,0.7573,23.0,0,2026-08-23 16:44:55.601513,19,59,6,1,0.7163,126.39,0.6816333333333336,144.76999999999998,0.0409999999999999,0.8032,0,normal
420,LIB-01,Library,2026-08-23 13:28:37,231.6,2.87,664.69,7.5191,24.5,3,2026-08-23 12:17:06.611772,13,28,6,1,7.3529,669.61,7.2073,608.2133333333334,0.1661999999999999,7.6769,0,normal
184,LAB-02,Computer Laboratory 2,2026-08-23 01:43:37,231.1,0.71,164.08,2.6287,22.2,0,2026-08-23 12:17:06.611215,1,43,6,1,2.5877,207.66,2.533333333333333,219.49666666666667,0.0409999999999999,2.6789,0,normal
139,LAB-02,Computer Laboratory 2,2026-08-22 23:28:37,230.9,0.87,200.88,2.1397,22.4,0,2026-08-23 12:17:06.611151,23,28,5,1,2.0895,228.2,2.0352,192.3133333333333,0.0501999999999998,2.1976,0,normal
103,LAB-01,Computer Laboratory 1,2026-08-22 21:43:37,231.3,0.79,182.73,1.834,23.0,0,2026-08-23 12:17:06.611094,21,43,5,1,1.7883,177.53,1.7468333333333332,154.32666666666665,0.0457,1.8983,0,normal
195,LIB-01,Library,2026-08-23 02:13:37,228.9,1.05,240.35,3.4595,22.3,0,2026-08-23 12:17:06.611283,2,13,6,1,3.3994,143.2,3.3532333333333333,208.91666666666663,0.0600999999999998,3.5215,0,normal
278,LAB-01,Computer Laboratory 1,2026-08-23 06:28:37,228.1,0.71,161.95,3.6401,22.1,0,2026-08-23 12:17:06.611419,6,28,6,1,3.5996,221.06,3.5419666666666667,224.47000000000003,0.0404999999999997,3.6755,0,normal
147,CLASS-01,Classroom 1,2026-08-22 23:58:37,230.8,0.33,76.16,0.7929,24.4,0,2026-08-23 12:17:06.611162,23,58,5,1,0.7739,78.74,0.7497333333333334,100.54333333333334,0.019,0.8163,0,normal
123,LAB-01,Computer Laboratory 1,2026-08-22 22:43:37,231.3,0.68,157.28,2.0318,22.8,0,2026-08-23 12:17:06.611129,22,43,5,1,1.9925,209.85,1.9436,211.29,0.0393000000000001,2.0674,0,normal
290,LIB-01,Library,2026-08-23 06:58:37,228.6,0.88,201.17,4.4193,22.1,0,2026-08-23 12:17:06.611436,6,58,6,1,4.369,267.03,4.305866666666667,231.4766666666667,0.0503,4.4634,0,normal
592,LAB-01,Computer Laboratory 1,2026-08-23 21:29:55,231.4,0.8,185.12,1.5003,22.7,0,2026-08-23 16:44:55.601540,21,29,6,1,1.454,232.7,1.3930333333333331,244.2100000000001,0.0463,1.5624,0,normal
350,LIB-01,Library,2026-08-23 09:58:37,235.6,2.26,532.46,5.4338,23.0,0,2026-08-23 12:17:06.611523,9,58,6,1,5.3007,683.4,5.133566666666667,604.6233333333334,0.1330999999999997,5.55,0,normal
191,ADMIN-01,Administrative Office,2026-08-23 02:13:37,229.8,0.89,204.52,2.0508,23.9,0,2026-08-23 12:17:06.611277,2,13,6,1,1.9997,189.86,1.9564333333333328,148.38333333333333,0.0511000000000001,2.0938,0,normal
578,LAB-02,Computer Laboratory 2,2026-08-23 20:44:55,232.4,0.61,141.76,1.2066,22.5,0,2026-08-23 16:44:55.601528,20,44,6,1,1.1712,211.76,1.1189333333333331,230.50666666666663,0.0353999999999998,1.2456,0,normal
328,LAB-01,Computer Laboratory 1,2026-08-23 08:58:37,231.5,4.44,1027.86,4.8225,23.1,4,2026-08-23 12:17:06.611490,8,58,6,1,4.5655,1055.23,4.303733333333334,869.1266666666667,0.2569999999999997,5.0192,0,normal
387,CLASS-01,Classroom 1,2026-08-23 11:58:37,225.6,2.06,464.74,3.1793,26.2,5,2026-08-23 12:17:06.611590,11,58,6,1,3.0631,266.08,2.9871666666666665,353.03000000000003,0.1162,3.2662,0,normal
552,LAB-01,Computer Laboratory 1,2026-08-23 19:29:55,226.2,1.01,228.46,1.0854,23.0,0,2026-08-23 16:44:55.601507,19,29,6,1,1.0283,214.23,0.9706666666666668,249.90666666666675,0.0570999999999999,1.1314,0,normal
265,LIB-01,Library,2026-08-23 05:43:37,229.5,0.65,149.18,4.1327,22.0,0,2026-08-23 12:17:06.611401,5,43,6,1,4.0954,239.72,4.034433333333333,234.9033333333333,0.0373000000000001,4.1954,0,normal
127,CLASS-01,Classroom 1,2026-08-22 22:58:37,223.5,0.54,120.69,0.6985,24.4,0,2026-08-23 12:17:06.611135,22,58,5,1,0.6683,82.69,0.6444333333333333,113.67,0.0302,0.7211,0,normal
490,LIB-01,Library,2026-08-23 16:58:37,222.9,3.06,682.07,9.7072,24.3,5,2026-08-23 12:17:06.611894,16,58,6,1,9.5367,736.41,9.365066666666667,629.8066666666667,0.1705000000000005,9.9015,0,normal
559,LIB-01,Library,2026-08-23 19:44:55,231.5,2.58,597.27,1.7933,22.4,0,2026-08-23 16:44:55.601513,19,44,6,1,1.644,718.96,1.4675333333333331,679.4533333333334,0.1493,1.967,0,normal
132,CLASS-01,Classroom 1,2026-08-22 23:13:37,232.0,0.39,90.48,0.7211,24.4,0,2026-08-23 12:17:06.611141,23,13,5,1,0.6985,120.69,0.6714666666666668,108.07666666666668,0.0225999999999999,0.7542,0,normal
499,LAB-02,Computer Laboratory 2,2026-08-23 17:28:37,230.6,2.35,541.91,10.3952,23.7,1,2026-08-23 12:17:06.611906,17,28,6,1,0.1561,624.31,6.837,639.6433333333333,10.2391,0.3239,0,normal
537,LAB-01,Computer Laboratory 1,2026-08-23 18:44:55,229.2,1.19,272.75,0.909,24.0,0,2026-08-23 16:44:55.601495,18,44,6,1,0.8408,176.32,0.7979666666666666,260.63000000000005,0.0682,0.9747,0,normal
418,LAB-01,Computer Laboratory 1,2026-08-23 13:28:37,226.5,3.98,901.47,7.7304,25.8,3,2026-08-23 12:17:06.611633,13,28,6,1,7.505,576.0,7.360600000000001,569.6333333333333,0.2254000000000005,7.9146,0,normal
349,LAB-02,Computer Laboratory 2,2026-08-23 09:58:37,230.8,2.6,600.08,5.3047,23.5,1,2026-08-23 12:17:06.611521,9,58,6,1,5.1547,725.04,4.9698,717.8033333333333,0.1500000000000003,5.5016,0,normal
12,CLASS-01,Classroom 1,2026-08-22 17:13:37,230.0,0.32,73.6,0.0721,26.4,0,2026-08-23 12:17:06.610909,17,13,5,1,0.0537,129.36,0.03755,107.45000000000002,0.0184,0.0995,0,normal
220,LIB-01,Library,2026-08-23 03:28:37,232.2,0.65,150.93,3.7062,22.2,0,2026-08-23 12:17:06.611317,3,28,6,1,3.6685,173.74,3.6178666666666666,196.09333333333336,0.0377,3.7457,0,normal
481,ADMIN-01,Administrative Office,2026-08-23 16:43:37,230.2,1.95,448.89,6.4064,26.2,0,2026-08-23 12:17:06.611882,16,43,6,1,6.2942,510.22,6.1686000000000005,426.0833333333333,0.1121999999999996,6.511,0,normal
112,CLASS-01,Classroom 1,2026-08-22 22:13:37,233.0,0.59,137.47,0.6174,24.3,0,2026-08-23 12:17:06.611107,22,13,5,1,0.583,77.18,0.5612,99.47666666666667,0.0343999999999999,0.6476,0,normal
596,CLASS-01,Classroom 1,2026-08-23 21:44:55,233.3,0.37,86.32,0.4996,24.8,0,2026-08-23 16:44:55.601543,21,44,6,1,0.478,112.99,0.452833333333333,100.33,0.0216,0.0285,0,normal
159,LAB-02,Computer Laboratory 2,2026-08-23 00:28:37,233.2,1.13,263.52,2.3617,22.1,0,2026-08-23 12:17:06.611178,0,28,6,1,2.2958,136.68,2.251666666666667,208.08333333333331,0.0659,2.4231,0,normal
264,LAB-02,Computer Laboratory 2,2026-08-23 05:43:37,230.8,0.7,161.56,3.419,22.7,0,2026-08-23 12:17:06.611399,5,43,6,1,3.3786,144.06,3.340266666666667,175.4333333333333,0.0403999999999999,3.4799,0,normal
486,ADMIN-01,Administrative Office,2026-08-23 16:58:37,231.1,1.81,418.29,6.511,26.3,0,2026-08-23 12:17:06.611889,16,58,6,1,6.4064,448.89,6.289066666666667,481.77333333333337,0.1046000000000004,6.6226,0,normal
44,LAB-02,Computer Laboratory 2,2026-08-22 18:43:37,229.6,0.75,172.2,1.2093,24.0,0,2026-08-23 12:17:06.610953,18,43,5,1,1.1663,177.69,1.1203333333333332,386.7366666666667,0.0430000000000001,1.2761,0,normal
413,LAB-01,Computer Laboratory 1,2026-08-23 13:13:37,235.1,2.45,576.0,7.505,26.0,0,2026-08-23 12:17:06.611626,13,13,6,1,7.361,580.89,7.2182,567.9866666666668,0.1440000000000001,7.7304,0,normal
188,LAB-01,Computer Laboratory 1,2026-08-23 01:58:37,232.6,0.68,158.17,2.6954,23.0,0,2026-08-23 12:17:06.611272,1,58,6,1,2.6559,189.58,2.6044666666666667,221.75,0.0394999999999998,2.7305,0,normal
258,LAB-01,Computer Laboratory 1,2026-08-23 05:28:37,232.8,0.9,209.52,3.4312,22.3,0,2026-08-23 12:17:06.611388,5,28,6,1,3.3788,188.24,3.3252333333333333,229.77,0.0524,3.482,0,normal
63,LAB-01,Computer Laboratory 1,2026-08-22 19:43:37,228.2,0.7,159.74,1.4631,23.0,0,2026-08-23 12:17:06.610979,19,43,5,1,1.4232,232.4,1.364766666666667,208.61666666666667,0.0399,1.4976,0,normal
189,LAB-02,Computer Laboratory 2,2026-08-23 01:58:37,228.0,0.88,200.64,2.6789,22.6,0,2026-08-23 12:17:06.611274,1,58,6,1,2.6287,164.08,2.5840666666666667,202.98333333333332,0.0502000000000002,2.7437,0,normal
7,CLASS-01,Classroom 1,2026-08-22 16:58:37,231.0,0.56,129.36,0.0537,28.6,0,2026-08-23 12:17:06.610901,16,58,5,1,0.0214,85.54,0.0214,85.54,0.0322999999999999,0.0721,0,normal
312,CLASS-01,Classroom 1,2026-08-23 08:13:37,231.4,1.64,379.5,1.7898,24.9,4,2026-08-23 12:17:06.611467,8,13,6,1,1.6949,123.38,1.6645,123.1,0.0948999999999999,1.8553,0,normal
407,CLASS-01,Classroom 1,2026-08-23 12:58:37,230.4,2.15,495.36,3.616,28.5,6,2026-08-23 12:17:06.611618,12,58,6,1,3.4922,475.27,3.377266666666667,417.2466666666666,0.1238000000000001,3.7439,0,normal
408,LAB-01,Computer Laboratory 1,2026-08-23 12:58:37,227.8,2.55,580.89,7.361,25.6,1,2026-08-23 12:17:06.611619,12,58,6,1,7.2158,552.01,7.0762,577.8133333333334,0.1452,7.505,0,normal
23,LAB-01,Computer Laboratory 1,2026-08-22 17:43:37,229.7,2.59,594.92,0.9768,23.7,1,2026-08-23 12:17:06.610925,17,43,5,1,0.8281,766.14,0.6180333333333333,848.7666666666668,0.1487,1.1132,0,normal
190,LIB-01,Library,2026-08-23 01:58:37,227.3,0.63,143.2,3.3994,22.1,0,2026-08-23 12:17:06.611275,1,58,6,1,3.3636,267.79,3.3010333333333333,236.58333333333337,0.0358,3.4595,0,normal
429,LAB-02,Computer Laboratory 2,2026-08-23 13:58:37,233.6,2.87,670.43,8.067,25.6,0,2026-08-23 12:17:06.611792,13,58,6,1,7.8994,728.67,7.708733333333334,734.7066666666666,0.1676000000000002,8.2036,0,normal
180,LIB-01,Library,2026-08-23 01:28:37,232.0,0.93,215.76,3.2967,21.9,0,2026-08-23 12:17:06.611209,1,28,6,1,3.2428,226.2,3.1921,186.18000000000004,0.0539,3.3636,0,normal
449,LAB-02,Computer Laboratory 2,2026-08-23 14:58:37,227.8,3.02,687.96,8.7705,26.2,2,2026-08-23 12:17:06.611836,14,58,6,1,8.5985,900.51,8.391833333333333,708.7633333333333,0.1720000000000006,8.9349,0,normal
345,LIB-01,Library,2026-08-23 09:43:37,227.8,3.0,683.4,5.3007,23.4,3,2026-08-23 12:17:06.611516,9,43,6,1,5.1298,638.21,4.982366666666667,453.21333333333337,0.1708999999999996,5.4338,0,normal
334,LAB-02,Computer Laboratory 2,2026-08-23 09:13:37,229.9,2.87,659.81,4.7813,23.6,2,2026-08-23 12:17:06.611498,9,13,6,1,4.6163,774.84,4.438299999999999,739.8233333333334,0.165,4.9734,0,normal
22,CLASS-01,Classroom 1,2026-08-22 17:43:37,229.6,0.34,78.06,0.119,26.4,0,2026-08-23 12:17:06.610923,17,43,5,1,0.0995,109.78,0.0751,104.24666666666668,0.0194999999999999,0.1513,0,normal
199,LAB-02,Computer Laboratory 2,2026-08-23 02:28:37,227.0,0.81,183.87,2.7897,22.1,0,2026-08-23 12:17:06.611288,2,28,6,1,2.7437,259.28,2.683766666666666,208.0,0.0459999999999998,2.8303,0,normal
285,LIB-01,Library,2026-08-23 06:43:37,232.2,1.15,267.03,4.369,22.7,0,2026-08-23 12:17:06.611429,6,43,6,1,4.3022,223.2,4.248,226.10666666666668,0.0667999999999997,4.4193,0,normal
518,LAB-02,Computer Laboratory 2,2026-08-23 17:44:55,227.6,3.35,762.46,0.5145,24.3,2,2026-08-23 16:44:55.601480,17,44,6,1,0.3239,671.35,3.625066666666667,612.5233333333332,0.1905999999999999,0.6507,0,normal
516,CLASS-01,Classroom 1,2026-08-23 17:44:55,226.2,0.56,126.67,0.0842,26.8,0,2026-08-23 16:44:55.601479,17,44,6,1,0.0525,138.12,1.6415666666666662,107.87666666666668,0.0317,0.1126,0,normal
498,LAB-01,Computer Laboratory 1,2026-08-23 17:28:37,232.7,3.91,909.86,10.8228,24.5,3,2026-08-23 12:17:06.611904,17,28,6,1,0.1647,658.92,7.064433333333333,673.0133333333334,10.6581,0.3986,0,normal
266,ADMIN-01,Administrative Office,2026-08-23 05:58:37,229.2,0.49,112.31,2.6425,23.5,0,2026-08-23 12:17:06.611403,5,58,6,1,2.6144,152.53,2.5733333333333337,179.26999999999998,0.0281000000000002,2.6753,0,normal
492,CLASS-01,Classroom 1,2026-08-23 17:13:37,228.1,0.57,130.02,4.8258,26.1,0,2026-08-23 12:17:06.611897,17,13,6,1,4.7933,92.96,4.7685,111.14,0.0324999999999997,0.018,0,normal
42,CLASS-01,Classroom 1,2026-08-22 18:43:37,232.3,0.46,106.86,0.2319,26.8,0,2026-08-23 12:17:06.610951,18,43,5,1,0.2052,75.17,0.1809666666666666,114.97666666666667,0.0267,0.2599,0,normal
425,LIB-01,Library,2026-08-23 13:43:37,231.2,2.73,631.18,7.6769,24.4,2,2026-08-23 12:17:06.611785,13,43,6,1,7.5191,664.69,7.3525,580.82,0.1577999999999999,7.8324,0,normal
359,LAB-02,Computer Laboratory 2,2026-08-23 10:28:37,231.1,2.35,543.09,5.6374,23.9,0,2026-08-23 12:17:06.611535,10,28,6,1,5.5016,787.71,5.320333333333334,704.2766666666666,0.1358000000000006,5.8404,0,normal
60,LIB-01,Library,2026-08-22 19:28:37,228.1,2.59,590.78,1.9079,22.5,0,2026-08-23 12:17:06.610975,19,28,5,1,1.7602,700.7,1.5821333333333334,725.4433333333333,0.1476999999999999,2.045,0,normal
440,LIB-01,Library,2026-08-23 14:28:37,232.4,3.08,715.79,8.187,24.4,5,2026-08-23 12:17:06.611824,14,28,6,1,8.0081,702.88,7.839133333333333,651.9833333333335,0.1788999999999987,8.3627,0,normal
369,LAB-02,Computer Laboratory 2,2026-08-23 10:58:37,230.7,2.72,627.5,5.9973,24.3,1,2026-08-23 12:17:06.611548,10,58,6,1,5.8404,811.86,5.6598,714.2200000000001,0.1569000000000002,6.1508,0,normal
496,ADMIN-01,Administrative Office,2026-08-23 17:28:37,228.2,1.47,335.45,6.7065,24.2,0,2026-08-23 12:17:06.611902,17,28,6,1,0.1058,423.17,4.413133333333334,429.3366666666666,6.6007,0.2069,0,normal
409,LAB-02,Computer Laboratory 2,2026-08-23 12:58:37,227.1,3.64,826.64,7.3484,25.9,3,2026-08-23 12:17:06.611621,12,58,6,1,7.1417,572.53,6.995266666666667,581.9399999999999,0.2066999999999996,7.5096,0,normal
119,LAB-02,Computer Laboratory 2,2026-08-22 22:28:37,227.3,0.61,138.65,1.9454,22.5,0,2026-08-23 12:17:06.611123,22,28,5,1,1.9107,255.08,1.8466,253.10333333333327,0.0346999999999999,1.9836,0,normal
391,ADMIN-01,Administrative Office,2026-08-23 12:13:37,231.1,6.38,1474.45,4.5125,26.1,0,2026-08-23 12:17:06.611596,12,13,6,1,4.4322,412.3,4.326866666666667,442.57666666666665,0.3686,4.584,1,power_spike
263,LAB-01,Computer Laboratory 1,2026-08-23 05:43:37,228.4,0.89,203.28,3.482,22.8,0,2026-08-23 12:17:06.611398,5,43,6,1,3.4312,209.52,3.3805666666666667,221.23333333333332,0.0508000000000001,3.5443,0,normal
128,LAB-01,Computer Laboratory 1,2026-08-22 22:58:37,233.3,0.61,142.31,2.0674,23.0,0,2026-08-23 12:17:06.611136,22,58,5,1,2.0318,157.28,1.9881,177.95000000000002,0.0356,2.1225,0,normal
140,LIB-01,Library,2026-08-22 23:28:37,234.0,1.09,255.06,2.9013,22.1,0,2026-08-23 12:17:06.611152,23,28,5,1,2.8375,158.37,2.7895,199.31,0.0638,2.9475,0,normal
394,LAB-02,Computer Laboratory 2,2026-08-23 12:13:37,229.9,2.44,560.96,6.8455,25.5,1,2026-08-23 12:17:06.611600,12,13,6,1,6.7053,710.53,6.522566666666667,739.3433333333334,0.1402000000000001,6.9986,0,normal
474,LAB-02,Computer Laboratory 2,2026-08-23 16:13:37,230.9,3.46,798.91,9.6125,26.1,3,2026-08-23 12:17:06.611873,16,13,6,1,9.4128,875.53,9.2175,637.2166666666666,0.1997,9.7823,0,normal
565,ADMIN-01,Administrative Office,2026-08-23 20:14:55,223.8,0.82,183.52,0.8032,23.3,0,2026-08-23 16:44:55.601517,20,14,6,1,0.7573,163.8,0.7194333333333337,151.13666666666668,0.0459,0.8302,0,normal
292,CLASS-01,Classroom 1,2026-08-23 07:13:37,230.3,0.57,131.27,1.6026,24.4,0,2026-08-23 12:17:06.611438,7,13,6,1,1.5698,110.79,1.5398333333333334,110.70333333333332,0.0327999999999999,1.6345,0,normal
513,LAB-02,Computer Laboratory 2,2026-08-23 17:29:55,231.5,2.9,671.35,0.3239,24.0,0,2026-08-23 16:44:55.601476,17,29,6,1,10.3952,541.91,6.937,608.0966666666667,0.0,0.5145,0,normal
130,LIB-01,Library,2026-08-22 22:58:37,233.6,1.11,259.3,2.7979,22.8,0,2026-08-23 12:17:06.611139,22,58,5,1,2.7331,180.26,2.683733333333333,205.07666666666668,0.0647999999999999,2.8375,0,normal
70,LIB-01,Library,2026-08-22 19:58:37,227.9,3.09,704.21,2.2211,22.7,4,2026-08-23 12:17:06.610999,19,58,5,1,2.045,548.27,1.9043666666666663,613.25,0.1760999999999999,2.2571,0,normal
54,LAB-02,Computer Laboratory 2,2026-08-22 19:13:37,230.9,1.04,240.14,1.3361,23.0,0,2026-08-23 12:17:06.610967,19,13,5,1,1.2761,267.33,1.2172333333333332,205.74,0.06,1.3934,0,normal
363,LAB-01,Computer Laboratory 1,2026-08-23 10:43:37,232.1,2.46,570.97,6.0504,23.4,1,2026-08-23 12:17:06.611540,10,43,6,1,5.9077,415.26,5.7897,615.7000000000002,0.1426999999999996,6.2096,0,normal
152,CLASS-01,Classroom 1,2026-08-23 00:13:37,233.9,0.4,93.56,0.8163,24.5,0,2026-08-23 12:17:06.611168,0,13,6,1,0.7929,76.16,0.7736666666666667,95.76999999999998,0.0233999999999999,0.8434,0,normal
252,CLASS-01,Classroom 1,2026-08-23 05:13:37,230.8,0.56,129.25,1.3958,25.0,0,2026-08-23 12:17:06.611379,5,13,6,1,1.3635,120.28,1.332833333333333,122.49666666666668,0.0322999999999999,1.4177,0,normal
566,CLASS-01,Classroom 1,2026-08-23 20:14:55,225.2,0.55,123.86,0.3502,24.7,0,2026-08-23 16:44:55.601518,20,14,6,1,0.3192,85.25,0.2945666666666663,95.94,0.031,0.3734,0,normal
323,LAB-01,Computer Laboratory 1,2026-08-23 08:43:37,230.4,4.58,1055.23,4.5655,23.2,4,2026-08-23 12:17:06.611483,8,43,6,1,4.3017,1030.95,4.0864666666666665,569.4933333333333,0.2637999999999998,4.8225,0,normal
569,LIB-01,Library,2026-08-23 20:14:55,229.7,0.83,190.65,2.0147,22.1,0,2026-08-23 16:44:55.601521,20,14,6,1,1.967,694.71,1.8014333333333334,670.3133333333335,0.0476999999999998,2.0657,0,normal
217,CLASS-01,Classroom 1,2026-08-23 03:28:37,232.8,0.54,125.71,1.1741,24.9,0,2026-08-23 12:17:06.611313,3,28,6,1,1.1427,96.52,1.1177666666666666,103.45666666666666,0.0313999999999998,1.2087,0,normal
378,LAB-01,Computer Laboratory 1,2026-08-23 11:28:37,232.8,3.68,856.7,6.5192,23.6,3,2026-08-23 12:17:06.611560,11,28,6,1,6.305,381.63,6.188333333333333,529.7766666666668,0.2141999999999999,6.633,0,normal
77,CLASS-01,Classroom 1,2026-08-22 20:28:37,226.3,0.56,126.73,0.432,24.4,0,2026-08-23 12:17:06.611016,20,28,5,1,0.4003,85.99,0.3778333333333334,102.88666666666666,0.0317,0.4557,0,normal
239,LAB-02,Computer Laboratory 2,2026-08-23 04:28:37,224.3,0.86,192.9,3.1855,22.6,0,2026-08-23 12:17:06.611361,4,28,6,1,3.1373,233.11,3.0812000000000004,211.41333333333333,0.0482,3.2471,0,normal
370,LIB-01,Library,2026-08-23 10:58:37,229.8,3.22,739.96,5.9949,23.6,5,2026-08-23 12:17:06.611550,10,58,6,1,5.8099,549.13,5.677499999999999,501.44000000000005,0.1850000000000005,6.127,0,normal
382,CLASS-01,Classroom 1,2026-08-23 11:43:37,233.4,1.14,266.08,3.0631,26.1,1,2026-08-23 12:17:06.611565,11,43,6,1,2.9966,379.16,2.8989,328.2733333333333,0.0665,3.1793,0,normal
587,LAB-01,Computer Laboratory 1,2026-08-23 21:14:55,230.4,1.01,232.7,1.454,22.3,0,2026-08-23 16:44:55.601534,21,14,6,1,1.3958,265.94,1.3319666666666663,225.90666666666675,0.0582,1.5003,0,normal
83,LAB-01,Computer Laboratory 1,2026-08-22 20:43:37,222.3,0.84,186.73,1.6726,23.0,0,2026-08-23 12:17:06.611055,20,43,5,1,1.6259,263.45,1.5611666666666668,217.05333333333337,0.0467000000000001,1.7083,0,normal
561,CLASS-01,Classroom 1,2026-08-23 19:59:55,230.4,0.37,85.25,0.3192,24.6,0,2026-08-23 16:44:55.601514,19,59,6,1,0.2979,125.29,0.2705999999999997,105.42333333333332,0.0212999999999999,0.3502,0,normal
150,LIB-01,Library,2026-08-22 23:58:37,229.2,0.88,201.7,2.9979,22.0,0,2026-08-23 12:17:06.611166,23,58,5,1,2.9475,184.83,2.895433333333333,199.42,0.0504000000000002,3.0643,0,normal
580,ADMIN-01,Administrative Office,2026-08-23 20:59:55,229.1,0.49,112.26,0.8885,23.7,0,2026-08-23 16:44:55.601529,20,59,6,1,0.8604,120.95,0.831266666666667,137.50666666666666,0.0280999999999999,0.933,0,normal
600,ADMIN-01,Administrative Office,2026-08-23 21:59:55,230.0,0.77,177.1,1.0539,23.4,0,2026-08-23 16:44:55.601546,21,59,6,1,0.049,195.89,0.6736000000000003,167.39,1.0049,0.0982,0,normal
588,LAB-02,Computer Laboratory 2,2026-08-23 21:14:55,228.3,0.87,198.62,1.2953,22.7,0,2026-08-23 16:44:55.601537,21,14,6,1,1.2456,155.92,1.2078,169.81333333333333,0.0496999999999998,1.3419,0,normal
203,LAB-01,Computer Laboratory 1,2026-08-23 02:43:37,228.7,0.92,210.4,2.8241,22.3,0,2026-08-23 12:17:06.611293,2,43,6,1,2.7715,164.01,2.732466666666667,154.17999999999998,0.0525999999999999,2.8904,0,normal
69,LAB-02,Computer Laboratory 2,2026-08-22 19:58:37,231.1,0.86,198.75,1.4777,23.0,0,2026-08-23 12:17:06.610998,19,58,5,1,1.428,138.23,1.3858333333333333,202.45666666666668,0.0497,1.5213,0,normal
109,LAB-02,Computer Laboratory 2,2026-08-22 21:58:37,233.0,1.11,258.63,1.8469,23.0,0,2026-08-23 12:17:06.611102,21,58,5,1,1.7822,245.6,1.7285666666666666,187.80666666666664,0.0646999999999999,1.9107,0,normal
521,CLASS-01,Classroom 1,2026-08-23 17:59:55,231.8,0.49,113.58,0.1126,25.9,0,2026-08-23 16:44:55.601483,17,59,6,1,0.0842,126.67,1.663633333333333,126.15666666666668,0.0284,0.1392,0,normal
564,LIB-01,Library,2026-08-23 19:59:55,230.8,3.01,694.71,1.967,22.8,4,2026-08-23 16:44:55.601517,19,59,6,1,1.7933,597.27,1.6338666666666668,665.3800000000001,0.1737000000000002,2.0147,0,normal
544,LIB-01,Library,2026-08-23 18:59:55,231.7,2.76,639.49,1.2943,23.5,3,2026-08-23 16:44:55.601501,18,59,6,1,1.1344,729.81,0.9567,635.0833333333334,0.1598999999999999,1.4643,0,normal
553,LAB-02,Computer Laboratory 2,2026-08-23 19:29:55,229.3,0.97,222.42,0.9589,22.2,0,2026-08-23 16:44:55.601508,19,29,6,1,0.9033,173.96,0.8601,201.55666666666664,0.0555999999999999,0.9984,0,normal
532,LAB-01,Computer Laboratory 1,2026-08-23 18:29:55,232.0,0.76,176.32,0.8408,24.1,0,2026-08-23 16:44:55.601491,18,29,6,1,0.7967,161.14,0.7328,530.8066666666667,0.0441,0.909,0,normal
32,CLASS-01,Classroom 1,2026-08-22 18:13:37,234.0,0.6,140.4,0.1864,26.3,0,2026-08-23 12:17:06.610937,18,13,5,1,0.1513,129.36,0.1232666666666666,105.73333333333336,0.0351,0.2052,0,normal
447,CLASS-01,Classroom 1,2026-08-23 14:58:37,270.2,10.57,2856.01,4.3316,28.5,0,2026-08-23 12:17:06.611834,14,58,6,1,4.2642,371.95,4.1778,333.09666666666664,0.0674000000000001,4.4058,1,voltage_anomaly
414,LAB-02,Computer Laboratory 2,2026-08-23 13:13:37,228.7,2.82,644.93,7.5096,25.2,0,2026-08-23 12:17:06.611627,13,13,6,1,7.3484,826.64,7.1629,670.5,0.1612,7.7172,0,normal
218,LAB-01,Computer Laboratory 1,2026-08-23 03:28:37,229.3,0.74,169.68,2.9937,22.1,0,2026-08-23 12:17:06.611314,3,28,6,1,2.9513,243.59,2.8886000000000003,239.76,0.0424000000000002,3.0565,0,normal
480,LIB-01,Library,2026-08-23 16:28:37,226.6,2.59,586.89,9.3526,24.3,3,2026-08-23 12:17:06.611881,16,28,6,1,9.2059,566.12,9.064466666666666,537.1233333333334,0.1467000000000009,9.5367,0,normal
216,ADMIN-01,Administrative Office,2026-08-23 03:28:37,229.5,0.75,172.12,2.2493,23.5,0,2026-08-23 12:17:06.611311,3,28,6,1,2.2063,121.26,2.1711333333333336,150.09666666666666,0.0429999999999997,2.2901,0,normal
540,ADMIN-01,Administrative Office,2026-08-23 18:59:55,227.2,0.89,202.21,0.6077,24.7,0,2026-08-23 16:44:55.601498,18,59,6,1,0.5571,190.15,0.5096000000000003,187.5133333333333,0.0505999999999999,0.6439,0,normal
230,LIB-01,Library,2026-08-23 03:58:37,230.8,0.8,184.64,3.7919,22.7,0,2026-08-23 12:17:06.611331,3,58,6,1,3.7457,158.06,3.7068,160.91000000000005,0.0462000000000002,3.8308,0,normal
325,LIB-01,Library,2026-08-23 08:43:37,230.7,0.76,175.33,4.7898,22.3,0,2026-08-23 12:17:06.611486,8,43,6,1,4.746,235.46,4.688199999999999,223.22333333333336,0.0437999999999991,4.8471,0,normal
62,CLASS-01,Classroom 1,2026-08-22 19:43:37,227.7,0.55,125.23,0.3544,24.6,0,2026-08-23 12:17:06.610977,19,43,5,1,0.3231,114.1,0.2925333333333333,121.52333333333333,0.0312999999999999,0.3788,0,normal
389,LAB-02,Computer Laboratory 2,2026-08-23 11:58:37,232.2,3.06,710.53,6.7053,23.7,2,2026-08-23 12:17:06.611593,11,58,6,1,6.5277,771.89,6.337733333333333,707.16,0.1775999999999999,6.8455,0,normal
306,ADMIN-01,Administrative Office,2026-08-23 07:58:37,229.6,0.58,133.17,2.9245,23.7,0,2026-08-23 12:17:06.611458,7,58,6,1,2.8912,111.94,2.8616000000000006,134.83,0.0333000000000001,2.9725,0,normal
221,ADMIN-01,Administrative Office,2026-08-23 03:43:37,230.1,0.71,163.37,2.2901,23.2,0,2026-08-23 12:17:06.611318,3,43,6,1,2.2493,172.12,2.2105333333333337,157.70000000000002,0.0407999999999999,2.3403,0,normal
242,CLASS-01,Classroom 1,2026-08-23 04:43:37,235.2,0.54,127.01,1.3334,24.5,0,2026-08-23 12:17:06.611365,4,43,6,1,1.3016,120.2,1.2706333333333333,123.82333333333334,0.0317999999999998,1.3635,0,normal
326,ADMIN-01,Administrative Office,2026-08-23 08:58:37,229.1,0.82,187.86,3.0965,23.6,0,2026-08-23 12:17:06.611487,8,58,6,1,3.0495,178.0,3.0090000000000003,166.72,0.0469999999999997,3.1955,0,normal
208,LAB-01,Computer Laboratory 1,2026-08-23 02:58:37,228.7,1.16,265.29,2.8904,22.3,0,2026-08-23 12:17:06.611300,2,58,6,1,2.8241,210.4,2.7753666666666668,171.59,0.0663,2.9513,0,normal
426,ADMIN-01,Administrative Office,2026-08-23 13:58:37,231.5,1.92,444.48,5.1941,26.0,1,2026-08-23 12:17:06.611787,13,58,6,1,5.083,369.52,4.9972,373.32333333333327,0.1110999999999995,5.3121,0,normal
3,LAB-01,Computer Laboratory 1,2026-08-22 16:43:37,231.4,3.31,765.93,0.1915,25.6,2,2026-08-23 12:17:06.610895,16,43,5,1,0.1915,765.93,0.1915,765.93,0.0,0.3894,0,normal
327,CLASS-01,Classroom 1,2026-08-23 08:58:37,228.4,1.88,429.39,2.0665,25.4,4,2026-08-23 12:17:06.611489,8,58,6,1,1.9592,415.63,1.8681,352.4066666666667,0.1072999999999999,2.1571,0,normal
423,LAB-01,Computer Laboratory 1,2026-08-23 13:43:37,226.7,3.25,736.77,7.9146,25.3,2,2026-08-23 12:17:06.611782,13,43,6,1,7.7304,901.47,7.532133333333333,686.1200000000002,0.1841999999999997,8.1193,0,normal
192,CLASS-01,Classroom 1,2026-08-23 02:13:37,228.7,0.47,107.49,1.0394,24.8,0,2026-08-23 12:17:06.611278,2,13,6,1,1.0125,89.15,0.9889666666666668,104.47666666666667,0.0269000000000001,1.0652,0,normal
61,ADMIN-01,Administrative Office,2026-08-22 19:43:37,235.3,0.57,134.12,0.9675,23.5,0,2026-08-23 12:17:06.610976,19,43,5,1,0.934,180.0,0.8951333333333333,134.07666666666668,0.0334999999999999,0.999,0,normal
176,ADMIN-01,Administrative Office,2026-08-23 01:28:37,227.4,0.51,115.97,1.9174,23.8,0,2026-08-23 12:17:06.611204,1,28,6,1,1.8884,188.81,1.8436333333333328,181.58333333333331,0.0289999999999999,1.9522,0,normal
141,ADMIN-01,Administrative Office,2026-08-22 23:43:37,233.5,0.82,191.47,1.6392,23.5,0,2026-08-23 12:17:06.611153,23,43,5,1,1.5913,200.46,1.5431666666666668,188.88,0.0479,1.6793,0,normal
247,CLASS-01,Classroom 1,2026-08-23 04:58:37,231.3,0.52,120.28,1.3635,24.6,0,2026-08-23 12:17:06.611372,4,58,6,1,1.3334,127.01,1.3021666666666667,126.06666666666668,0.0301,1.3958,0,normal
107,CLASS-01,Classroom 1,2026-08-22 21:58:37,227.0,0.34,77.18,0.583,25.1,0,2026-08-23 12:17:06.611100,21,58,5,1,0.5637,107.16,0.5363333333333333,113.58333333333331,0.0192999999999999,0.6174,0,normal
581,CLASS-01,Classroom 1,2026-08-23 20:59:55,227.9,0.49,111.67,0.4307,24.9,0,2026-08-23 16:44:55.601530,20,59,6,1,0.4028,117.55,0.3754666666666664,111.40333333333332,0.0279,0.4498,0,normal
240,LIB-01,Library,2026-08-23 04:28:37,229.9,0.85,195.41,3.8797,22.6,0,2026-08-23 12:17:06.611362,4,28,6,1,3.8308,155.72,3.7894666666666654,166.14,0.0489000000000001,3.9193,0,normal
200,LIB-01,Library,2026-08-23 02:28:37,231.9,1.07,248.13,3.5215,21.9,0,2026-08-23 12:17:06.611289,2,28,6,1,3.4595,240.35,3.4075,217.11333333333332,0.0620000000000002,3.56,0,normal
534,LIB-01,Library,2026-08-23 18:29:55,227.1,2.96,672.22,0.9519,23.4,3,2026-08-23 16:44:55.601493,18,29,6,1,0.7838,503.22,0.6448666666666667,625.1400000000001,0.1680999999999999,1.1344,0,normal
497,CLASS-01,Classroom 1,2026-08-23 17:28:37,232.0,0.49,113.68,4.8542,26.3,0,2026-08-23 12:17:06.611903,17,28,6,1,0.018,71.83,3.2123666666666666,98.27,4.8362,0.0525,0,normal
430,LIB-01,Library,2026-08-23 13:58:37,227.8,2.73,621.89,7.8324,24.3,3,2026-08-23 12:17:06.611810,13,58,6,1,7.6769,631.18,7.5163,655.16,0.1554999999999999,8.0081,0,normal
476,ADMIN-01,Administrative Office,2026-08-23 16:28:37,228.8,2.23,510.22,6.2942,25.8,1,2026-08-23 12:17:06.611875,16,28,6,1,6.1666,486.21,6.062033333333333,386.91,0.1276000000000001,6.4064,0,normal
455,LIB-01,Library,2026-08-23 15:13:37,229.3,2.67,612.23,8.6423,24.4,2,2026-08-23 12:17:06.611844,15,13,6,1,8.4892,505.83,8.3463,641.4833333333333,0.1531000000000002,8.8031,0,normal
256,ADMIN-01,Administrative Office,2026-08-23 05:28:37,223.7,0.84,187.91,2.5763,23.2,0,2026-08-23 12:17:06.611385,5,28,6,1,2.5293,197.37,2.4873333333333334,158.42999999999998,0.0469999999999997,2.6144,0,normal
606,CLASS-01,Classroom 1,2026-08-23 21:45:56,228.4,0.5,114.2,0.0285,24.5,0,2026-08-23 16:45:56.426958,21,45,6,1,0.4996,86.32,0.4757999999999997,91.88,0.0,0.5188,0,normal
489,LAB-02,Computer Laboratory 2,2026-08-23 16:58:37,229.8,2.77,636.55,10.0952,26.0,1,2026-08-23 12:17:06.611893,16,58,6,1,9.9361,615.33,9.776966666666668,697.7533333333334,0.1591000000000004,10.2597,0,normal
310,LIB-01,Library,2026-08-23 07:58:37,230.4,0.92,211.97,4.6315,22.0,0,2026-08-23 12:17:06.611464,7,58,6,1,4.5785,184.47,4.524766666666667,212.34000000000003,0.0529999999999999,4.6871,0,normal
427,CLASS-01,Classroom 1,2026-08-23 13:58:37,232.5,1.6,372.0,4.0144,29.3,4,2026-08-23 12:17:06.611790,13,58,6,1,3.9214,211.51,3.8446,407.25,0.0929999999999999,4.098,0,normal
149,LAB-02,Computer Laboratory 2,2026-08-22 23:58:37,226.4,1.13,255.83,2.2616,22.3,0,2026-08-23 12:17:06.611165,23,58,5,1,2.1976,231.74,2.1422666666666665,220.2733333333333,0.064,2.2958,0,normal
174,LAB-02,Computer Laboratory 2,2026-08-23 01:13:37,230.3,1.03,237.21,2.5358,22.8,0,2026-08-23 12:17:06.611198,1,13,6,1,2.4765,213.62,2.420433333333333,240.95,0.0592999999999999,2.5877,0,normal
205,LIB-01,Library,2026-08-23 02:43:37,226.7,0.68,154.16,3.56,22.3,0,2026-08-23 12:17:06.611296,2,43,6,1,3.5215,248.13,3.4601333333333333,210.56000000000003,0.0384999999999999,3.6251,0,normal
482,CLASS-01,Classroom 1,2026-08-23 16:43:37,228.9,0.49,112.16,4.7701,28.8,0,2026-08-23 12:17:06.611883,16,43,6,1,4.7421,128.3,4.7114666666666665,175.74666666666667,0.0280000000000004,4.7933,0,normal
21,ADMIN-01,Administrative Office,2026-08-22 17:43:37,232.5,2.27,527.77,0.5925,24.2,1,2026-08-23 12:17:06.610922,17,43,5,1,0.4606,477.51,0.3406333333333333,447.21,0.1319,0.703,0,normal
365,LIB-01,Library,2026-08-23 10:43:37,231.7,2.37,549.13,5.8099,22.9,0,2026-08-23 12:17:06.611543,10,43,6,1,5.6726,490.27,5.552133333333333,495.8833333333334,0.1372999999999997,5.9949,0,normal
491,ADMIN-01,Administrative Office,2026-08-23 17:13:37,229.0,1.95,446.55,6.6226,24.4,1,2026-08-23 12:17:06.611895,17,13,6,1,6.511,418.29,6.403866666666667,459.1333333333334,0.1116000000000001,0.1058,0,normal
219,LAB-02,Computer Laboratory 2,2026-08-23 03:28:37,230.3,1.0,230.3,2.9787,22.6,0,2026-08-23 12:17:06.611316,3,28,6,1,2.9211,201.45,2.874033333333333,175.14333333333332,0.0575999999999998,3.0273,0,normal
95,LIB-01,Library,2026-08-22 21:13:37,231.5,0.82,189.83,2.4527,22.7,0,2026-08-23 12:17:06.611076,21,13,5,1,2.4052,252.78,2.350766666666667,197.44,0.0475000000000003,2.5018,0,normal
236,ADMIN-01,Administrative Office,2026-08-23 04:28:37,229.2,0.59,135.23,2.4105,23.0,0,2026-08-23 12:17:06.611356,4,28,6,1,2.3767,145.45,2.3357,169.92999999999998,0.0337999999999998,2.4527,0,normal
161,ADMIN-01,Administrative Office,2026-08-23 00:43:37,233.9,0.84,196.48,1.8013,23.8,0,2026-08-23 12:17:06.611181,0,43,6,1,1.7522,173.79,1.7134333333333334,150.67999999999998,0.0490999999999999,1.8412,0,normal
397,CLASS-01,Classroom 1,2026-08-23 12:28:37,230.6,1.86,428.92,3.3734,28.8,4,2026-08-23 12:17:06.611604,12,28,6,1,3.2662,347.55,3.1695333333333333,359.45666666666665,0.1072000000000001,3.4922,0,normal
67,CLASS-01,Classroom 1,2026-08-22 19:58:37,226.6,0.43,97.44,0.3788,24.8,0,2026-08-23 12:17:06.610995,19,58,5,1,0.3544,125.23,0.3240333333333333,125.97666666666667,0.0244,0.4003,0,normal
136,ADMIN-01,Administrative Office,2026-08-22 23:28:37,227.8,0.88,200.46,1.5913,23.0,0,2026-08-23 12:17:06.611147,23,28,5,1,1.5412,176.9,1.4959666666666669,188.32333333333332,0.0501,1.6392,0,normal
320,LIB-01,Library,2026-08-23 08:28:37,228.6,1.03,235.46,4.746,22.5,0,2026-08-23 12:17:06.611480,8,28,6,1,4.6871,222.24,4.632366666666667,206.2266666666667,0.0589000000000003,4.7898,0,normal
551,CLASS-01,Classroom 1,2026-08-23 19:29:55,227.3,0.34,77.28,0.2666,24.5,0,2026-08-23 16:44:55.601506,19,29,6,1,0.2473,113.7,0.219533333333333,111.49,0.0193,0.2979,0,normal
30,LIB-01,Library,2026-08-22 17:58:37,227.7,2.54,578.36,0.9245,23.7,0,2026-08-23 12:17:06.610935,17,58,5,1,0.7799,829.31,0.5916,655.5066666666667,0.1445999999999999,1.0843,0,normal
79,LAB-02,Computer Laboratory 2,2026-08-22 20:28:37,233.2,0.66,153.91,1.5598,22.3,0,2026-08-23 12:17:06.611019,20,28,5,1,1.5213,174.27,1.4756666666666665,170.41666666666666,0.0384999999999999,1.6021,0,normal
233,LAB-01,Computer Laboratory 1,2026-08-23 04:13:37,231.3,0.89,205.86,3.1653,22.3,0,2026-08-23 12:17:06.611335,4,13,6,1,3.1138,229.38,3.0546666666666678,216.69666666666663,0.0514999999999998,3.2064,0,normal
279,LAB-02,Computer Laboratory 2,2026-08-23 06:28:37,234.0,1.14,266.76,3.6143,22.3,0,2026-08-23 12:17:06.611420,6,28,6,1,3.5476,270.62,3.482166666666666,225.21333333333337,0.0666999999999999,3.6618,0,normal
144,LAB-02,Computer Laboratory 2,2026-08-22 23:43:37,227.2,1.02,231.74,2.1976,22.3,0,2026-08-23 12:17:06.611157,23,43,5,1,2.1397,200.88,2.0872333333333333,208.27666666666664,0.0579,2.2616,0,normal
75,LIB-01,Library,2026-08-22 20:13:37,232.2,0.62,143.96,2.2571,22.1,0,2026-08-23 12:17:06.611013,20,13,5,1,2.2211,704.21,2.058,614.42,0.036,2.3051,0,normal
87,CLASS-01,Classroom 1,2026-08-22 20:58:37,228.0,0.4,91.2,0.4785,24.9,0,2026-08-23 12:17:06.611060,20,58,5,1,0.4557,94.88,0.4293333333333333,102.53333333333332,0.0227999999999999,0.5084,0,normal
311,ADMIN-01,Administrative Office,2026-08-23 08:13:37,228.6,0.84,192.02,2.9725,23.8,0,2026-08-23 12:17:06.611465,8,13,6,1,2.9245,133.17,2.8929666666666667,125.46,0.048,3.005,0,normal
548,LAB-02,Computer Laboratory 2,2026-08-23 19:14:55,228.9,0.76,173.96,0.9033,23.0,0,2026-08-23 16:44:55.601504,19,14,6,1,0.8598,170.25,0.8097,218.74666666666667,0.0434999999999999,0.9589,0,normal
37,CLASS-01,Classroom 1,2026-08-22 18:28:37,227.8,0.33,75.17,0.2052,26.8,0,2026-08-23 12:17:06.610944,18,28,5,1,0.1864,140.4,0.1522333333333333,115.94,0.0187999999999999,0.2319,0,normal
51,ADMIN-01,Administrative Office,2026-08-22 19:13:37,226.3,10.5,2375.3,0.889,23.2,0,2026-08-23 12:17:06.610963,1,13,5,1,0.8624,115.87,0.8272,155.11,0.6619,0.934,1,off_hours_high_load
185,LIB-01,Library,2026-08-23 01:43:37,234.9,1.14,267.79,3.3636,22.0,0,2026-08-23 12:17:06.611216,1,43,6,1,3.2967,215.76,3.2419333333333333,199.45333333333332,0.0668999999999999,3.3994,0,normal
321,ADMIN-01,Administrative Office,2026-08-23 08:43:37,222.5,0.8,178.0,3.0495,23.4,0,2026-08-23 12:17:06.611481,8,43,6,1,3.005,130.14,2.967333333333334,151.77666666666667,0.0445000000000002,3.0965,0,normal
71,ADMIN-01,Administrative Office,2026-08-22 20:13:37,226.9,0.75,170.18,1.0415,23.7,0,2026-08-23 12:17:06.611001,20,13,5,1,0.999,125.89,0.9668333333333332,146.67,0.0425,1.0867,0,normal
177,CLASS-01,Classroom 1,2026-08-23 01:28:37,227.2,0.53,120.42,0.9642,24.4,0,2026-08-23 12:17:06.611205,1,28,6,1,0.9341,97.27,0.9066666666666668,121.02333333333333,0.0300999999999999,0.9902,0,normal
201,ADMIN-01,Administrative Office,2026-08-23 02:43:37,229.7,0.65,149.31,2.1311,23.7,0,2026-08-23 12:17:06.611291,2,43,6,1,2.0938,172.12,2.0481000000000003,188.83333333333331,0.0373000000000001,2.176,0,normal
45,LIB-01,Library,2026-08-22 18:43:37,232.8,3.18,740.3,1.4012,23.2,4,2026-08-23 12:17:06.610955,18,43,5,1,1.2161,527.3,1.0749666666666666,581.5933333333334,0.1851,1.585,0,normal
84,LAB-02,Computer Laboratory 2,2026-08-22 20:43:37,232.0,0.73,169.36,1.6021,22.8,0,2026-08-23 12:17:06.611056,20,43,5,1,1.5598,153.91,1.5195999999999998,175.64333333333332,0.0423,1.6413,0,normal
332,CLASS-01,Classroom 1,2026-08-23 09:13:37,230.9,1.57,362.51,2.1571,26.4,3,2026-08-23 12:17:06.611495,9,13,6,1,2.0665,429.39,1.9603333333333333,369.0366666666666,0.0905999999999997,2.2768,0,normal
477,CLASS-01,Classroom 1,2026-08-23 16:28:37,229.1,0.56,128.3,4.7421,28.6,0,2026-08-23 12:17:06.611877,16,28,6,1,4.71,110.94,4.667533333333332,293.35,0.0320999999999997,4.7701,0,normal
261,ADMIN-01,Administrative Office,2026-08-23 05:43:37,231.1,0.66,152.53,2.6144,23.2,0,2026-08-23 12:17:06.611395,5,43,6,1,2.5763,187.91,2.5285333333333333,164.78333333333333,0.0381,2.6425,0,normal
478,LAB-01,Computer Laboratory 1,2026-08-23 16:28:37,228.2,3.77,860.31,10.1117,25.4,3,2026-08-23 12:17:06.611878,16,28,6,1,9.8966,993.74,9.651633333333336,847.1833333333334,0.2151000000000014,10.2553,0,normal
268,LAB-01,Computer Laboratory 1,2026-08-23 05:58:37,228.5,1.09,249.07,3.5443,22.9,0,2026-08-23 12:17:06.611406,5,58,6,1,3.482,203.28,3.430666666666667,200.34666666666664,0.0622999999999995,3.5996,0,normal
48,LAB-01,Computer Laboratory 1,2026-08-22 18:58:37,231.2,0.68,157.22,1.306,24.2,0,2026-08-23 12:17:06.610959,18,58,5,1,1.2667,163.73,1.2208666666666663,204.6266666666667,0.0393000000000001,1.3651,0,normal
494,LAB-02,Computer Laboratory 2,2026-08-23 17:13:37,230.9,2.85,658.07,10.2597,24.0,2,2026-08-23 12:17:06.611899,17,13,6,1,10.0952,636.55,9.937866666666666,643.6333333333333,0.1645000000000003,0.1561,0,normal
464,LAB-02,Computer Laboratory 2,2026-08-23 15:43:37,231.4,2.56,592.38,9.1939,25.5,1,2026-08-23 12:17:06.611857,15,43,6,1,9.0458,443.74,8.917066666666667,596.3866666666667,0.1480999999999994,9.4128,0,normal
317,CLASS-01,Classroom 1,2026-08-23 08:28:37,229.9,9.32,2143.38,1.8553,24.8,0,2026-08-23 12:17:06.611475,8,28,6,1,1.7898,379.5,1.7162666666666666,207.08333333333331,1.155,1.9592,1,energy_delta_surge
138,LAB-01,Computer Laboratory 1,2026-08-22 23:28:37,226.5,0.89,201.59,2.1729,22.7,0,2026-08-23 12:17:06.611149,23,28,5,1,2.1225,220.42,2.0739,173.33666666666667,0.0503999999999997,2.2416,0,normal
402,CLASS-01,Classroom 1,2026-08-23 12:43:37,227.4,2.09,475.27,3.4922,29.3,6,2026-08-23 12:17:06.611611,12,43,6,1,3.3734,428.92,3.2729666666666666,413.7366666666667,0.1187999999999998,3.616,0,normal
202,CLASS-01,Classroom 1,2026-08-23 02:43:37,228.3,0.47,107.3,1.092,24.5,0,2026-08-23 12:17:06.611292,2,43,6,1,1.0652,103.23,1.0390333333333333,99.95666666666666,0.0268000000000001,1.1186,0,normal
360,LIB-01,Library,2026-08-23 10:28:37,229.1,2.14,490.27,5.6726,23.4,1,2026-08-23 12:17:06.611536,10,28,6,1,5.55,464.92,5.428166666666667,560.26,0.1226000000000002,5.8099,0,normal
194,LAB-02,Computer Laboratory 2,2026-08-23 02:13:37,231.5,1.12,259.28,2.7437,22.9,0,2026-08-23 12:17:06.611281,2,13,6,1,2.6789,200.64,2.6317666666666666,190.7933333333333,0.0647999999999999,2.7897,0,normal
573,LAB-02,Computer Laboratory 2,2026-08-23 20:29:55,227.7,0.93,211.76,1.1712,22.4,0,2026-08-23 16:44:55.601524,20,29,6,1,1.1183,204.16,1.0613333333333337,212.63666666666663,0.0528999999999999,1.2066,0,normal
530,ADMIN-01,Administrative Office,2026-08-23 18:29:55,234.6,0.81,190.03,0.5096,24.6,0,2026-08-23 16:44:55.601490,18,29,6,1,0.4621,182.36,0.3993000000000002,340.1466666666667,0.0475,0.5571,0,normal
410,LIB-01,Library,2026-08-23 12:58:37,230.6,1.77,408.16,7.1855,24.7,0,2026-08-23 12:17:06.611622,12,58,6,1,7.0835,746.87,6.916433333333333,607.21,0.1020000000000003,7.3529,0,normal
134,LAB-02,Computer Laboratory 2,2026-08-22 23:13:37,228.2,1.0,228.2,2.0895,22.9,0,2026-08-23 12:17:06.611144,23,13,5,1,2.0325,195.75,1.9871666666666667,162.4633333333333,0.0569999999999999,2.1397,0,normal
6,ADMIN-01,Administrative Office,2026-08-22 16:58:37,230.1,1.65,379.66,0.2201,26.3,0,2026-08-23 12:17:06.610900,16,58,5,1,0.1252,500.79,0.1252,500.79,0.0948999999999999,0.3412,0,normal
514,LIB-01,Library,2026-08-23 17:29:55,227.4,3.06,695.84,0.3149,23.7,5,2026-08-23 16:44:55.601477,17,29,6,1,10.081,718.0,6.7078,686.3000000000001,0.0,0.4928,0,normal
390,LIB-01,Library,2026-08-23 11:58:37,231.8,3.14,727.85,6.6281,23.0,4,2026-08-23 12:17:06.611595,11,58,6,1,6.4461,562.0,6.2929,601.5066666666668,0.1819999999999995,6.769,0,normal
401,ADMIN-01,Administrative Office,2026-08-23 12:43:37,226.3,1.73,391.5,4.6819,26.0,0,2026-08-23 12:17:06.611610,12,43,6,1,4.584,285.82,4.509566666666667,339.78333333333336,0.0979000000000001,4.803,0,normal
422,CLASS-01,Classroom 1,2026-08-23 13:43:37,229.9,0.92,211.51,3.9214,29.0,0,2026-08-23 12:17:06.611780,13,43,6,1,3.8685,498.53,3.7428,501.8666666666666,0.0529000000000001,4.0144,0,normal
171,ADMIN-01,Administrative Office,2026-08-23 01:13:37,233.1,0.81,188.81,1.8884,23.9,0,2026-08-23 12:17:06.611194,1,13,6,1,1.8412,159.46,1.7982333333333334,176.57666666666668,0.0472000000000001,1.9174,0,normal
125,LIB-01,Library,2026-08-22 22:43:37,231.1,0.78,180.26,2.7331,22.5,0,2026-08-23 12:17:06.611132,22,43,5,1,2.688,231.74,2.6324666666666667,197.94000000000003,0.0450999999999996,2.7979,0,normal
324,LAB-02,Computer Laboratory 2,2026-08-23 08:43:37,230.8,2.54,586.23,4.4226,22.9,1,2026-08-23 12:17:06.611485,8,43,6,1,4.276,858.4,4.0914,527.4499999999999,0.1466000000000002,4.6163,0,normal
459,LAB-02,Computer Laboratory 2,2026-08-23 15:28:37,226.4,1.96,443.74,9.0458,26.1,0,2026-08-23 12:17:06.611850,15,28,6,1,8.9349,657.46,8.767966666666668,748.6433333333334,0.1108999999999991,9.1939,0,normal
19,LAB-02,Computer Laboratory 2,2026-08-22 17:28:37,228.0,2.74,624.72,0.7306,23.5,0,2026-08-23 12:17:06.610919,17,28,5,1,0.5744,848.85,0.3884666666666667,765.8666666666667,0.1562,0.8763,0,normal
456,ADMIN-01,Administrative Office,2026-08-23 15:28:37,229.2,1.64,375.89,5.8763,25.7,0,2026-08-23 12:17:06.611846,15,28,6,1,5.7823,484.24,5.665266666666667,465.5233333333333,0.0939999999999994,5.9745,0,normal
488,LAB-01,Computer Laboratory 1,2026-08-23 16:58:37,229.7,3.1,712.07,10.4333,25.3,2,2026-08-23 12:17:06.611891,16,58,6,1,10.2553,574.44,10.087866666666663,809.4966666666668,0.177999999999999,10.5953,0,normal
405,LIB-01,Library,2026-08-23 12:43:37,228.4,3.27,746.87,7.0835,24.3,4,2026-08-23 12:17:06.611615,12,43,6,1,6.8968,511.06,6.764633333333333,600.8700000000001,0.1867000000000001,7.1855,0,normal
522,LAB-01,Computer Laboratory 1,2026-08-23 17:59:55,225.6,1.97,444.43,0.7564,24.3,0,2026-08-23 16:44:55.601484,17,59,6,1,0.6453,986.85,3.9555666666666673,944.1600000000002,0.1110999999999999,0.7967,0,normal
601,CLASS-01,Classroom 1,2026-08-23 21:59:55,226.4,0.34,76.98,0.5188,24.4,0,2026-08-23 16:44:55.601547,21,59,6,1,0.0285,114.2,0.3353666666666663,104.50333333333332,0.4903,0.0605,0,normal
66,ADMIN-01,Administrative Office,2026-08-22 19:58:37,224.8,0.56,125.89,0.999,23.6,0,2026-08-23 12:17:06.610993,19,58,5,1,0.9675,134.12,0.9301666666666668,140.16,0.0314999999999999,1.0415,0,normal
368,LAB-01,Computer Laboratory 1,2026-08-23 10:58:37,230.7,2.76,636.73,6.2096,23.6,1,2026-08-23 12:17:06.611547,10,58,6,1,6.0504,570.97,5.9206666666666665,523.9000000000001,0.1592000000000002,6.305,0,normal
124,LAB-02,Computer Laboratory 2,2026-08-22 22:43:37,231.8,0.66,152.99,1.9836,23.0,0,2026-08-23 12:17:06.611131,22,43,5,1,1.9454,138.65,1.901,217.4533333333333,0.0382,2.0325,0,normal
158,LAB-01,Computer Laboratory 1,2026-08-23 00:28:37,230.5,0.93,214.37,2.3981,22.7,0,2026-08-23 12:17:06.611177,0,28,6,1,2.3445,158.64,2.2969666666666666,228.72666666666663,0.0535999999999998,2.4431,0,normal
227,CLASS-01,Classroom 1,2026-08-23 03:58:37,231.3,0.52,120.28,1.2388,25.0,0,2026-08-23 12:17:06.611327,3,58,6,1,1.2087,138.48,1.1751666666666667,120.23666666666666,0.0300999999999997,1.2715,0,normal
550,ADMIN-01,Administrative Office,2026-08-23 19:29:55,226.7,7.61,1725.88,0.6847,23.1,0,2026-08-23 16:44:55.601506,19,29,6,1,0.6439,144.7,0.6029000000000003,179.02,0.908,0.7163,1,energy_delta_surge
5,LIB-01,Library,2026-08-22 16:43:37,229.2,2.37,543.2,0.1358,24.3,2,2026-08-23 12:17:06.610898,16,43,5,1,0.1358,543.2,0.1358,543.2,0.0,0.2883,0,normal
404,LAB-02,Computer Laboratory 2,2026-08-23 12:43:37,228.1,9.04,2061.99,7.1417,26.0,0,2026-08-23 12:17:06.611614,4,43,6,1,6.9986,612.33,6.849800000000001,627.94,0.5612,7.3484,1,off_hours_high_load
105,LIB-01,Library,2026-08-22 21:43:37,232.9,0.65,151.39,2.5396,22.2,0,2026-08-23 12:17:06.611097,21,43,5,1,2.5018,196.25,2.453233333333333,212.95333333333332,0.0378000000000002,2.5793,0,normal
8,LAB-01,Computer Laboratory 1,2026-08-22 16:58:37,228.1,3.47,791.51,0.3894,25.7,3,2026-08-23 12:17:06.610902,16,58,5,1,0.1915,765.93,0.1915,765.93,0.1979,0.6366,0,normal
415,LIB-01,Library,2026-08-23 13:13:37,231.7,2.89,669.61,7.3529,25.0,4,2026-08-23 12:17:06.611628,13,13,6,1,7.1855,408.16,7.055266666666667,555.3633333333335,0.1673999999999997,7.5191,0,normal
395,LIB-01,Library,2026-08-23 12:13:37,233.9,2.41,563.7,6.769,24.3,2,2026-08-23 12:17:06.611602,12,13,6,1,6.6281,727.85,6.459933333333335,668.0300000000001,0.1409000000000002,6.8968,0,normal
342,CLASS-01,Classroom 1,2026-08-23 09:43:37,232.5,0.96,223.2,2.3326,26.2,0,2026-08-23 12:17:06.611508,9,43,6,1,2.2768,478.8,2.1668,423.5666666666666,0.0557999999999996,2.4182,0,normal
568,LAB-02,Computer Laboratory 2,2026-08-23 20:14:55,232.0,0.88,204.16,1.1183,22.3,0,2026-08-23 16:44:55.601520,20,14,6,1,1.0673,275.6,1.0081999999999998,218.72333333333333,0.0510000000000001,1.1712,0,normal
135,LIB-01,Library,2026-08-22 23:13:37,232.9,0.68,158.37,2.8375,21.9,0,2026-08-23 12:17:06.611145,23,13,5,1,2.7979,259.3,2.7396666666666665,223.76666666666665,0.0396,2.9013,0,normal
291,ADMIN-01,Administrative Office,2026-08-23 07:13:37,230.4,0.7,161.28,2.8304,24.0,0,2026-08-23 12:17:06.611437,7,13,6,1,2.7901,119.03,2.7558,152.88666666666668,0.0403000000000002,2.8632,0,normal
563,LAB-02,Computer Laboratory 2,2026-08-23 19:59:55,231.6,1.19,275.6,1.0673,22.8,0,2026-08-23 16:44:55.601516,19,59,6,1,0.9984,158.15,0.9535333333333332,184.84333333333333,0.0688999999999999,1.1183,0,normal
385,LIB-01,Library,2026-08-23 11:43:37,224.8,2.5,562.0,6.4461,23.7,3,2026-08-23 12:17:06.611569,11,43,6,1,6.3056,714.24,6.142500000000001,660.8266666666667,0.1405000000000003,6.6281,0,normal
53,LAB-01,Computer Laboratory 1,2026-08-22 19:13:37,231.6,1.02,236.23,1.3651,23.1,0,2026-08-23 12:17:06.610966,19,13,5,1,1.306,157.22,1.2661666666666669,181.23333333333332,0.0590999999999999,1.4232,0,normal
106,ADMIN-01,Administrative Office,2026-08-22 21:58:37,225.2,0.46,103.59,1.3066,23.4,0,2026-08-23 12:17:06.611098,21,58,5,1,1.2807,184.16,1.2341333333333333,166.20333333333335,0.0259,1.3571,0,normal
358,LAB-01,Computer Laboratory 1,2026-08-23 10:28:37,230.7,1.8,415.26,5.9077,24.2,0,2026-08-23 12:17:06.611534,10,28,6,1,5.8039,585.47,5.635766666666666,753.6066666666667,0.1038000000000005,6.0504,0,normal
484,LAB-02,Computer Laboratory 2,2026-08-23 16:43:37,229.6,2.68,615.33,9.9361,25.6,1,2026-08-23 12:17:06.611886,16,43,6,1,9.7823,679.02,9.602533333333334,784.4866666666667,0.1538000000000003,10.0952,0,normal
197,CLASS-01,Classroom 1,2026-08-23 02:28:37,229.4,0.45,103.23,1.0652,24.6,0,2026-08-23 12:17:06.611285,2,28,6,1,1.0394,107.49,1.0140333333333331,100.16666666666669,0.0257999999999998,1.092,0,normal
173,LAB-01,Computer Laboratory 1,2026-08-23 01:13:37,226.4,1.05,237.72,2.549,23.0,0,2026-08-23 12:17:06.611197,1,13,6,1,2.4896,185.89,2.4436,193.41333333333333,0.0594000000000001,2.6085,0,normal
352,CLASS-01,Classroom 1,2026-08-23 10:13:37,223.8,1.75,391.65,2.5161,26.4,5,2026-08-23 12:17:06.611525,10,13,6,1,2.4182,342.4,2.3425333333333334,348.1333333333334,0.0978999999999996,2.6235,0,normal
114,LAB-02,Computer Laboratory 2,2026-08-22 22:13:37,229.8,1.11,255.08,1.9107,22.7,0,2026-08-23 12:17:06.611109,22,13,5,1,1.8469,258.63,1.7833,218.84,0.0638,1.9454,0,normal
254,LAB-02,Computer Laboratory 2,2026-08-23 05:13:37,229.5,0.75,172.12,3.3426,22.7,0,2026-08-23 12:17:06.611383,5,13,6,1,3.2996,210.12,3.244066666666667,216.45666666666668,0.0430000000000001,3.3786,0,normal
40,LIB-01,Library,2026-08-22 18:28:37,235.4,2.24,527.3,1.2161,23.4,1,2026-08-23 12:17:06.610948,18,28,5,1,1.0843,639.12,0.9295666666666668,682.2633333333333,0.1317999999999999,1.4012,0,normal
512,LAB-01,Computer Laboratory 1,2026-08-23 17:29:55,232.2,4.03,935.77,0.3986,24.0,3,2026-08-23 16:44:55.601476,17,29,6,1,10.8228,909.86,7.194266666666667,738.9433333333335,0.0,0.6453,0,normal
333,LAB-01,Computer Laboratory 1,2026-08-23 09:13:37,229.4,3.43,786.84,5.0192,24.4,2,2026-08-23 12:17:06.611497,9,13,6,1,4.8225,1027.86,4.563233333333334,1038.013333333333,0.1966999999999998,5.2387,0,normal
47,CLASS-01,Classroom 1,2026-08-22 18:58:37,228.3,0.49,111.87,0.2599,26.2,0,2026-08-23 12:17:06.610957,18,58,5,1,0.2319,106.86,0.2078333333333333,107.47666666666667,0.028,0.2946,0,normal
505,ADMIN-01,Administrative Office,2026-08-23 17:14:55,223.9,1.89,423.17,0.1058,24.6,1,2026-08-23 16:44:55.601466,17,14,6,1,6.6226,446.55,6.513333333333335,437.91,0.0,6.7065,0,normal
49,LAB-02,Computer Laboratory 2,2026-08-22 18:58:37,234.5,1.14,267.33,1.2761,23.9,0,2026-08-23 12:17:06.610960,18,58,5,1,1.2093,172.2,1.1658333333333333,182.13666666666663,0.0667999999999999,1.3361,0,normal
436,ADMIN-01,Administrative Office,2026-08-23 14:28:37,227.3,2.13,484.15,5.4331,25.8,1,2026-08-23 12:17:06.611818,14,28,6,1,5.3121,472.06,5.1964,428.68666666666667,0.1209999999999995,5.5523,0,normal
479,LAB-02,Computer Laboratory 2,2026-08-23 16:28:37,229.4,2.96,679.02,9.7823,25.4,2,2026-08-23 12:17:06.611880,16,28,6,1,9.6125,798.91,9.4064,755.6066666666666,0.1697999999999986,9.9361,0,normal
443,LAB-01,Computer Laboratory 1,2026-08-23 14:43:37,225.7,2.48,559.74,8.5597,26.1,1,2026-08-23 12:17:06.611828,14,43,6,1,8.4198,664.95,8.264233333333335,673.6700000000001,0.139899999999999,8.7697,0,normal
467,CLASS-01,Classroom 1,2026-08-23 15:58:37,230.4,1.25,288.0,4.6823,28.6,1,2026-08-23 12:17:06.611861,15,58,6,1,4.6103,481.11,4.502033333333332,371.5333333333333,0.072,4.71,0,normal
523,LAB-02,Computer Laboratory 2,2026-08-23 17:59:55,232.9,2.34,544.99,0.6507,24.1,0,2026-08-23 16:44:55.601484,17,59,6,1,0.5145,762.46,3.7445333333333335,658.5733333333333,0.1362,0.6957,0,normal
2,CLASS-01,Classroom 1,2026-08-22 16:43:37,231.2,0.37,85.54,0.0214,28.4,0,2026-08-23 12:17:06.610892,16,43,5,1,0.0214,85.54,0.0214,85.54,0.0,0.0537,0,normal
431,ADMIN-01,Administrative Office,2026-08-23 14:13:37,231.4,8.49,1965.68,5.3121,25.5,0,2026-08-23 12:17:06.611811,4,13,6,1,5.1941,444.48,5.0892333333333335,368.1666666666667,0.7223,5.4331,1,off_hours_high_load
101,ADMIN-01,Administrative Office,2026-08-22 21:43:37,230.2,0.8,184.16,1.2807,23.1,0,2026-08-23 12:17:06.611091,21,43,5,1,1.2347,190.9,1.1926,139.85333333333332,0.046,1.3066,0,normal
356,ADMIN-01,Administrative Office,2026-08-23 10:28:37,229.1,2.11,483.4,3.7495,24.4,1,2026-08-23 12:17:06.611531,10,28,6,1,3.6287,319.9,3.535633333333333,415.6033333333333,0.1208,3.8782,0,normal
535,ADMIN-01,Administrative Office,2026-08-23 18:44:55,229.1,0.83,190.15,0.5571,24.2,0,2026-08-23 16:44:55.601494,18,44,6,1,0.5096,190.03,0.4627333333333336,253.66666666666663,0.0474999999999999,0.6077,0,normal
143,LAB-01,Computer Laboratory 1,2026-08-22 23:43:37,230.8,1.19,274.65,2.2416,22.3,0,2026-08-23 12:17:06.611156,23,43,5,1,2.1729,201.59,2.1209333333333333,188.10666666666668,0.0687000000000002,2.3048,0,normal
364,LAB-02,Computer Laboratory 2,2026-08-23 10:43:37,231.3,3.51,811.86,5.8404,23.9,3,2026-08-23 12:17:06.611542,10,43,6,1,5.6374,543.09,5.481233333333333,643.6266666666667,0.2029999999999994,5.9973,0,normal
515,ADMIN-01,Administrative Office,2026-08-23 17:44:55,230.5,1.95,449.47,0.3193,24.8,1,2026-08-23 16:44:55.601478,17,44,6,1,0.2069,404.27,2.3397333333333337,387.63,0.1123999999999999,0.4165,0,normal
